activity_id,user_id,show_id,watch_minutes
1,313,s7076,134
2,455,s6205,126
3,317,s2292,10
4,205,s2100,112
5,453,s7494,147
6,473,s776,223
7,465,s786,70
8,63,s4895,233
9,160,s6434,161
10,447,s690,183
11,45,s6340,112
12,42,s7678,147
13,491,s3915,13
14,222,s3548,159
15,433,s3899,222
16,482,s5272,47
17,382,s7699,49
18,361,s462,89
19,391,s2149,245
20,399,s548,265
21,272,s4825,192
22,54,s7368,225
23,190,s8491,230
24,403,s7813,32
25,362,s3104,254
26,270,s1919,231
27,202,s4914,247
28,5,s1575,80
29,373,s5076,206
30,260,s2074,50
31,110,s6837,186
32,185,s3012,101
33,153,s7294,262
34,485,s7017,12
35,99,s76,226
36,441,s2416,295
37,99,s6911,260
38,72,s1485,21
39,431,s2051,223
40,330,s6056,25
41,344,s7342,173
42,277,s741,35
43,394,s5112,35
44,490,s7055,66
45,220,s1160,195
46,90,s160,188
47,268,s1879,52
48,286,s1442,153
49,292,s2672,292
50,445,s1421,219
51,247,s5419,178
52,398,s6663,204
53,313,s6158,156
54,193,s8786,116
55,83,s2900,148
56,61,s1239,204
57,360,s2689,285
58,90,s2065,26
59,346,s2776,167
60,219,s491,66
61,229,s86,251
62,264,s6476,66
63,4,s3691,161
64,247,s1236,89
65,100,s6085,11
66,452,s7825,130
67,118,s4676,61
68,368,s4246,136
69,118,s5316,281
70,323,s6176,230
71,75,s3071,10
72,215,s7278,205
73,227,s8587,147
74,216,s299,67
75,317,s207,207
76,356,s3550,23
77,18,s5362,251
78,234,s3267,137
79,379,s582,239
80,303,s7451,260
81,278,s3738,116
82,171,s3619,77
83,23,s8091,46
84,227,s4456,99
85,391,s7959,16
86,286,s7124,180
87,29,s1096,67
88,348,s4073,221
89,55,s2305,94
90,155,s3500,29
91,250,s6374,220
92,351,s5168,65
93,145,s1973,243
94,202,s7909,168
95,211,s6844,143
96,386,s546,169
97,487,s1506,196
98,346,s2345,143
99,162,s8710,85
100,403,s6748,34
101,417,s2211,63
102,450,s4921,61
103,198,s2682,283
104,56,s1347,90
105,427,s6037,70
106,72,s1386,171
107,395,s5759,35
108,182,s8078,71
109,53,s2383,239
110,37,s5565,219
111,14,s4693,183
112,421,s2736,186
113,145,s6464,149
114,316,s5524,172
115,19,s3345,41
116,68,s7693,34
117,456,s4658,201
118,393,s5847,92
119,418,s5022,170
120,18,s7309,196
121,295,s878,95
122,337,s3184,227
123,363,s3914,261
124,336,s5696,69
125,332,s3611,234
126,93,s3755,78
127,64,s5202,197
128,69,s2596,79
129,297,s3788,25
130,220,s7535,176
131,67,s2187,59
132,182,s5163,92
133,475,s1706,244
134,239,s674,92
135,169,s8027,298
136,222,s6831,52
137,122,s777,75
138,71,s5089,17
139,230,s3316,158
140,111,s203,26
141,121,s4730,35
142,483,s1707,35
143,194,s4322,78
144,13,s3735,167
145,446,s516,187
146,37,s3060,30
147,139,s7648,31
148,388,s8502,258
149,85,s836,195
150,129,s5591,157
151,167,s3125,70
152,422,s4936,126
153,228,s4423,29
154,109,s4552,121
155,446,s5640,184
156,451,s7108,87
157,69,s158,119
158,303,s4955,204
159,261,s41,59
160,485,s206,35
161,100,s4321,284
162,227,s8203,77
163,336,s4078,66
164,465,s1241,294
165,387,s3044,30
166,494,s2364,20
167,63,s44,208
168,247,s2361,180
169,313,s8634,76
170,112,s1662,287
171,94,s8191,169
172,169,s6146,250
173,5,s7982,201
174,243,s537,67
175,120,s2299,64
176,154,s1391,78
177,342,s7705,245
178,54,s6927,201
179,195,s1926,172
180,34,s7550,88
181,498,s2519,168
182,366,s1562,21
183,342,s3001,92
184,274,s435,75
185,227,s7952,296
186,178,s1431,225
187,412,s3637,287
188,132,s5547,248
189,301,s4861,185
190,130,s5384,11
191,420,s815,135
192,470,s911,71
193,428,s5422,54
194,388,s5259,257
195,421,s1372,79
196,381,s2734,193
197,322,s3623,24
198,290,s7691,91
199,394,s5060,185
200,255,s3691,250
201,470,s3614,112
202,292,s7489,33
203,315,s2549,145
204,410,s8141,83
205,166,s7478,162
206,389,s6636,212
207,139,s2867,74
208,80,s4402,247
209,334,s7749,35
210,103,s4811,247
211,43,s68,118
212,82,s5918,142
213,98,s4979,79
214,494,s3816,129
215,93,s6447,95
216,262,s2156,214
217,398,s8027,20
218,376,s3632,213
219,161,s1794,234
220,150,s2827,38
221,403,s1727,296
222,458,s1016,183
223,34,s8670,54
224,388,s320,280
225,462,s1036,239
226,17,s2255,289
227,100,s722,24
228,453,s2804,187
229,447,s1444,206
230,27,s6474,276
231,410,s7378,181
232,355,s1711,300
233,62,s3220,94
234,406,s367,218
235,382,s6668,109
236,162,s6588,253
237,292,s1733,174
238,57,s5321,164
239,283,s470,111
240,58,s3546,111
241,189,s2067,52
242,309,s3208,202
243,374,s806,87
244,12,s7421,108
245,334,s1078,185
246,303,s1496,57
247,259,s3446,65
248,434,s604,134
249,314,s4497,168
250,38,s5879,13
251,263,s7340,54
252,93,s7371,250
253,289,s2300,190
254,10,s5296,276
255,231,s733,19
256,333,s2229,285
257,81,s1750,167
258,148,s2167,170
259,446,s7804,178
260,461,s8601,282
261,471,s2068,63
262,281,s4548,240
263,114,s2718,221
264,376,s4742,17
265,387,s8223,250
266,343,s2533,266
267,494,s2819,237
268,94,s976,151
269,103,s164,270
270,37,s3824,208
271,265,s1771,40
272,58,s7478,121
273,213,s5865,179
274,192,s2847,96
275,48,s4124,196
276,424,s8448,64
277,144,s3727,209
278,115,s6066,13
279,26,s5094,146
280,98,s6524,32
281,32,s3253,66
282,402,s2419,199
283,460,s3707,141
284,297,s2639,224
285,464,s1700,253
286,384,s8720,181
287,442,s2926,272
288,113,s7919,231
289,167,s3485,28
290,131,s4310,142
291,191,s6625,102
292,73,s5895,32
293,74,s5892,36
294,458,s8007,72
295,33,s718,180
296,109,s3433,156
297,18,s3423,239
298,403,s1906,86
299,87,s5478,217
300,322,s634,162
301,402,s3988,39
302,127,s6773,153
303,485,s53,156
304,308,s2108,87
305,143,s4039,104
306,236,s3710,138
307,352,s422,90
308,417,s1168,189
309,228,s5129,298
310,102,s2173,227
311,464,s7550,295
312,42,s4689,257
313,369,s6616,17
314,285,s8516,113
315,168,s6595,15
316,208,s7369,126
317,281,s4220,42
318,409,s7940,130
319,238,s2731,64
320,472,s8145,213
321,393,s8309,36
322,440,s1088,65
323,365,s7045,170
324,242,s1259,56
325,149,s184,193
326,323,s5867,189
327,106,s4643,163
328,351,s420,262
329,288,s612,210
330,408,s7071,23
331,9,s838,128
332,377,s2058,209
333,434,s2887,126
334,155,s2261,102
335,156,s1177,80
336,375,s3081,50
337,211,s7467,296
338,45,s1309,237
339,301,s6548,88
340,234,s7937,98
341,411,s4243,150
342,309,s2171,118
343,297,s3124,196
344,130,s8784,212
345,316,s6543,110
346,348,s5063,180
347,147,s1801,200
348,422,s957,173
349,23,s1351,261
350,296,s1718,91
351,48,s2831,25
352,293,s1914,268
353,404,s7268,281
354,35,s3422,47
355,93,s1407,157
356,404,s8652,151
357,43,s255,226
358,223,s8464,191
359,191,s3603,218
360,446,s6386,180
361,7,s1975,193
362,254,s6496,18
363,370,s1905,122
364,315,s5408,67
365,176,s7152,147
366,377,s6226,96
367,404,s3324,143
368,235,s8704,80
369,83,s3373,109
370,116,s7139,109
371,481,s4918,264
372,485,s7885,159
373,113,s4801,245
374,435,s5984,196
375,393,s3644,29
376,328,s2401,128
377,494,s1528,74
378,127,s52,217
379,118,s4711,27
380,35,s5683,298
381,259,s7780,288
382,445,s8180,198
383,3,s2300,13
384,121,s8561,40
385,56,s8592,57
386,230,s550,274
387,360,s4463,234
388,241,s3173,38
389,354,s7962,76
390,37,s7653,105
391,217,s3110,95
392,54,s1817,136
393,276,s6502,113
394,230,s619,132
395,439,s359,37
396,160,s7586,31
397,268,s4654,101
398,294,s953,252
399,464,s5995,24
400,229,s4662,170
401,266,s4615,217
402,452,s8151,86
403,302,s1540,99
404,37,s7219,112
405,301,s4870,286
406,359,s709,178
407,101,s5452,167
408,121,s2183,256
409,101,s4749,106
410,43,s5662,121
411,451,s1265,229
412,244,s2228,119
413,419,s8381,31
414,282,s2666,93
415,383,s1618,166
416,320,s2185,30
417,395,s879,112
418,105,s6694,43
419,348,s7923,172
420,52,s5257,41
421,418,s4519,196
422,23,s312,208
423,411,s1844,46
424,332,s6530,148
425,26,s2857,118
426,120,s1557,159
427,145,s8540,164
428,21,s250,146
429,465,s2267,29
430,343,s7096,244
431,419,s2255,64
432,280,s1824,126
433,446,s8103,227
434,21,s3991,168
435,347,s5307,85
436,475,s3356,150
437,236,s4998,135
438,244,s3272,250
439,446,s1732,66
440,413,s6458,36
441,341,s3142,292
442,131,s5206,38
443,121,s6189,135
444,91,s6196,110
445,36,s3594,201
446,75,s6323,102
447,57,s1973,291
448,431,s2950,277
449,200,s5867,131
450,180,s8650,116
451,257,s3618,138
452,475,s2217,53
453,418,s9,161
454,314,s5271,142
455,159,s1147,178
456,258,s3376,49
457,404,s2103,278
458,499,s6193,167
459,461,s3933,271
460,191,s2912,24
461,168,s5207,224
462,435,s7125,229
463,432,s2222,31
464,221,s464,94
465,449,s8666,147
466,427,s7235,155
467,20,s2788,161
468,385,s1972,111
469,31,s1279,283
470,46,s1512,281
471,449,s5250,290
472,362,s3005,233
473,351,s5410,211
474,397,s6636,95
475,184,s6329,200
476,8,s7874,40
477,75,s1631,286
478,137,s7395,18
479,170,s5539,51
480,92,s4921,136
481,46,s789,20
482,35,s4777,293
483,437,s7904,43
484,86,s6634,136
485,454,s850,76
486,223,s6633,269
487,225,s1244,139
488,36,s4616,182
489,225,s7072,214
490,396,s2704,18
491,392,s6033,199
492,108,s4423,277
493,122,s7356,94
494,140,s7933,56
495,323,s3742,222
496,5,s3385,136
497,171,s3747,292
498,258,s6296,132
499,1,s6306,79
500,124,s1791,48
501,356,s7072,133
502,490,s7958,251
503,274,s1258,149
504,198,s3632,60
505,178,s6952,54
506,137,s8803,119
507,69,s2225,184
508,224,s8764,129
509,452,s4874,274
510,211,s7189,22
511,448,s6158,298
512,120,s676,184
513,249,s6183,190
514,226,s4737,114
515,450,s3326,273
516,482,s5349,285
517,477,s4288,62
518,101,s3679,149
519,43,s2600,97
520,192,s2022,116
521,310,s6424,214
522,138,s2173,296
523,468,s4220,131
524,227,s1277,22
525,63,s5576,22
526,119,s2227,74
527,153,s4761,21
528,439,s2289,59
529,264,s2322,155
530,218,s2446,109
531,223,s797,232
532,364,s2447,273
533,114,s4399,65
534,463,s7045,267
535,231,s6731,42
536,331,s5781,25
537,404,s800,76
538,316,s876,209
539,350,s1352,267
540,109,s351,207
541,230,s5493,154
542,8,s7054,223
543,47,s5572,273
544,260,s8616,35
545,473,s8572,152
546,60,s2980,127
547,295,s8360,217
548,192,s8426,75
549,66,s8037,208
550,29,s801,56
551,190,s5334,18
552,53,s3141,219
553,256,s4295,172
554,447,s7561,130
555,67,s8721,25
556,410,s3123,200
557,195,s5859,75
558,87,s4160,193
559,320,s5153,279
560,388,s6213,93
561,57,s5756,247
562,220,s7721,181
563,111,s2206,98
564,46,s2769,57
565,304,s8699,214
566,484,s1166,217
567,108,s3668,220
568,258,s3384,186
569,440,s1456,143
570,62,s3525,209
571,207,s2688,230
572,53,s1975,77
573,268,s5624,134
574,113,s6040,183
575,122,s6309,228
576,493,s313,95
577,283,s4894,43
578,288,s7648,270
579,59,s352,197
580,193,s4316,74
581,154,s4775,198
582,445,s7474,63
583,141,s5449,221
584,171,s7007,75
585,11,s7368,193
586,474,s6680,140
587,12,s6389,64
588,94,s8605,284
589,283,s6128,238
590,28,s5157,143
591,292,s5314,286
592,370,s4047,95
593,113,s6288,17
594,334,s8669,26
595,439,s3056,199
596,104,s3261,182
597,267,s4972,117
598,483,s2317,263
599,367,s1986,284
600,262,s2913,298
601,197,s3350,51
602,21,s5777,296
603,63,s5180,273
604,117,s1317,197
605,90,s6747,108
606,484,s6276,29
607,309,s5844,243
608,115,s1680,96
609,290,s1134,142
610,208,s1012,139
611,387,s1248,23
612,16,s1145,212
613,179,s6303,263
614,389,s4386,191
615,496,s8478,229
616,163,s7220,116
617,197,s3787,259
618,188,s8798,209
619,240,s7806,88
620,51,s5411,61
621,221,s4604,138
622,40,s4385,112
623,171,s1204,25
624,200,s861,292
625,29,s1030,255
626,101,s748,177
627,102,s7302,132
628,165,s1584,153
629,221,s7640,272
630,422,s7824,165
631,55,s1382,115
632,153,s7012,53
633,69,s7488,172
634,477,s3815,197
635,28,s6178,182
636,156,s4094,113
637,362,s8501,100
638,11,s308,207
639,329,s2362,104
640,242,s1983,45
641,31,s3083,281
642,458,s6221,226
643,295,s2433,27
644,299,s2105,100
645,338,s5729,73
646,308,s6181,238
647,374,s7339,11
648,386,s3106,64
649,239,s2881,249
650,340,s1571,203
651,358,s1804,248
652,101,s3093,123
653,323,s5053,107
654,391,s2210,295
655,125,s4681,123
656,62,s949,292
657,255,s3077,107
658,298,s5220,84
659,132,s1913,196
660,192,s1575,116
661,437,s8159,147
662,125,s1536,148
663,93,s8447,162
664,79,s3153,114
665,91,s2693,163
666,422,s5925,230
667,376,s3811,171
668,24,s4908,48
669,202,s457,143
670,455,s3547,154
671,16,s1496,154
672,370,s8755,295
673,222,s5174,128
674,393,s7167,161
675,203,s7616,93
676,101,s7679,88
677,44,s1470,185
678,346,s1914,174
679,154,s638,145
680,10,s4407,40
681,260,s2684,294
682,315,s1566,207
683,373,s103,112
684,95,s5438,254
685,14,s6188,286
686,151,s5343,160
687,407,s1208,174
688,59,s4119,72
689,426,s7857,297
690,20,s8419,254
691,6,s342,105
692,202,s7618,132
693,7,s1200,225
694,263,s6840,160
695,169,s3401,288
696,5,s8049,230
697,432,s6367,86
698,164,s8789,142
699,136,s6518,218
700,116,s7715,196
701,253,s8015,48
702,157,s789,266
703,18,s7651,148
704,232,s6443,109
705,30,s1966,134
706,57,s7558,134
707,499,s8771,196
708,479,s1470,140
709,364,s1923,209
710,470,s6379,298
711,224,s4034,130
712,79,s4599,207
713,168,s3886,122
714,267,s3,152
715,103,s2044,91
716,76,s1181,154
717,295,s8503,287
718,171,s5861,22
719,481,s5896,207
720,478,s7594,33
721,358,s2336,195
722,194,s4039,170
723,126,s60,105
724,455,s1261,36
725,475,s7552,185
726,210,s865,103
727,340,s1400,217
728,161,s2316,99
729,390,s8674,279
730,433,s8149,38
731,226,s2728,39
732,139,s1968,289
733,250,s1711,131
734,452,s1187,158
735,242,s8528,130
736,271,s6638,251
737,128,s8247,54
738,138,s4283,150
739,430,s5221,254
740,174,s6249,125
741,438,s8524,75
742,45,s4395,205
743,130,s969,107
744,370,s3936,198
745,206,s1633,238
746,332,s1734,290
747,293,s7510,143
748,57,s89,182
749,210,s1049,118
750,224,s2483,298
751,487,s2819,182
752,497,s2510,138
753,105,s652,181
754,394,s2681,93
755,34,s1800,142
756,55,s4539,225
757,120,s5762,250
758,397,s1722,120
759,206,s1879,251
760,81,s3615,271
761,195,s2708,185
762,31,s67,45
763,153,s4288,273
764,389,s7364,10
765,245,s5826,154
766,250,s7854,246
767,91,s5059,116
768,244,s2311,27
769,500,s8246,20
770,218,s1261,249
771,397,s812,224
772,195,s1027,209
773,266,s7470,144
774,60,s2966,271
775,303,s6157,217
776,480,s7600,224
777,132,s7070,29
778,231,s791,81
779,163,s1739,217
780,437,s3204,214
781,459,s8188,73
782,438,s8451,206
783,313,s6072,202
784,341,s4320,80
785,380,s6632,247
786,87,s3821,261
787,29,s4396,231
788,35,s4609,49
789,490,s5306,201
790,451,s245,42
791,182,s44,66
792,148,s4743,259
793,476,s730,42
794,159,s4811,137
795,454,s9,128
796,388,s1999,89
797,79,s5136,69
798,231,s4686,222
799,108,s3977,150
800,422,s780,263
801,69,s1130,56
802,111,s7922,18
803,373,s1890,188
804,392,s2921,15
805,265,s8778,19
806,246,s1432,240
807,5,s4054,216
808,400,s3205,74
809,287,s1533,203
810,202,s1870,21
811,92,s4018,178
812,408,s8708,109
813,383,s910,300
814,327,s1465,115
815,13,s8412,229
816,36,s4485,14
817,380,s3934,43
818,237,s6865,92
819,24,s219,181
820,185,s8807,280
821,150,s5507,293
822,313,s4172,20
823,168,s2058,195
824,73,s4635,105
825,462,s3232,139
826,468,s7849,100
827,87,s4976,37
828,346,s6874,50
829,488,s8456,15
830,141,s7833,114
831,490,s4350,222
832,245,s7197,117
833,422,s2182,38
834,433,s1867,189
835,479,s8586,36
836,98,s7162,140
837,103,s6340,158
838,221,s7515,281
839,346,s7638,195
840,396,s3432,187
841,354,s3295,75
842,171,s4499,62
843,143,s7401,210
844,488,s7180,127
845,227,s3125,10
846,14,s7402,122
847,284,s3598,280
848,334,s6445,215
849,485,s5782,52
850,106,s3701,231
851,7,s6388,270
852,221,s6165,94
853,82,s5895,10
854,95,s6548,28
855,128,s7542,208
856,473,s4603,69
857,341,s1994,103
858,328,s7596,139
859,91,s4033,228
860,141,s1285,138
861,418,s2676,245
862,199,s4321,147
863,358,s562,127
864,266,s8360,197
865,302,s6195,236
866,411,s7716,156
867,386,s5660,247
868,446,s7445,286
869,209,s5121,289
870,54,s127,282
871,234,s4013,50
872,398,s4488,238
873,253,s2885,231
874,360,s8252,294
875,324,s3699,15
876,431,s7426,253
877,378,s2561,136
878,115,s87,198
879,106,s3854,130
880,193,s3324,98
881,212,s81,103
882,461,s5290,197
883,9,s5626,130
884,59,s2198,253
885,455,s101,58
886,333,s6325,221
887,247,s5580,96
888,298,s4467,14
889,260,s3002,274
890,48,s5485,193
891,446,s8245,33
892,172,s5665,259
893,211,s3441,127
894,74,s1949,42
895,491,s3295,192
896,131,s2757,293
897,107,s4962,169
898,452,s8286,176
899,202,s2613,93
900,146,s7347,263
901,351,s2871,177
902,106,s4927,211
903,268,s8271,115
904,224,s3121,281
905,432,s1270,261
906,20,s4869,176
907,417,s7857,155
908,196,s8300,234
909,206,s3603,274
910,437,s2084,139
911,311,s7646,147
912,189,s7201,59
913,82,s5441,138
914,49,s6630,15
915,58,s8302,79
916,389,s2514,76
917,485,s6068,217
918,126,s8088,44
919,347,s1793,34
920,484,s4666,155
921,481,s4601,147
922,333,s4454,61
923,333,s4754,64
924,457,s3474,120
925,372,s7950,35
926,186,s4138,187
927,424,s864,188
928,100,s2158,30
929,193,s3806,126
930,445,s5622,278
931,440,s1720,140
932,249,s4388,131
933,422,s7248,177
934,249,s7668,38
935,330,s2979,209
936,385,s3237,214
937,156,s666,213
938,134,s2613,200
939,291,s5431,267
940,26,s4707,291
941,251,s4986,83
942,211,s5649,290
943,402,s2921,48
944,494,s670,145
945,81,s2986,24
946,353,s1394,76
947,359,s6887,138
948,349,s638,233
949,200,s4933,73
950,70,s5817,122
951,452,s4461,154
952,279,s7589,261
953,260,s4046,201
954,272,s8462,121
955,326,s44,212
956,488,s4511,131
957,360,s6136,10
958,206,s6797,41
959,402,s6723,97
960,73,s7746,239
961,365,s5203,30
962,480,s1048,206
963,163,s5990,102
964,53,s6726,23
965,118,s5398,23
966,141,s7928,45
967,131,s4802,96
968,145,s7268,197
969,3,s1326,52
970,231,s1052,254
971,344,s3863,140
972,387,s4404,175
973,51,s7433,65
974,208,s7385,13
975,377,s5613,229
976,69,s2737,171
977,166,s6724,249
978,500,s1115,225
979,442,s5893,129
980,163,s6845,171
981,290,s7260,65
982,70,s2611,258
983,429,s3110,290
984,22,s999,96
985,155,s7881,117
986,16,s6505,299
987,120,s1418,180
988,100,s7502,162
989,288,s3427,133
990,293,s2922,135
991,469,s7218,50
992,273,s5138,152
993,398,s6660,87
994,449,s7438,157
995,449,s7581,234
996,236,s23,69
997,379,s6853,100
998,278,s412,270
999,270,s1163,99
1000,450,s1084,164
1001,247,s4018,186
1002,16,s6442,171
1003,172,s2786,258
1004,328,s5256,223
1005,485,s7993,237
1006,55,s7991,145
1007,8,s7204,77
1008,372,s994,129
1009,173,s7992,233
1010,417,s7610,13
1011,133,s2867,140
1012,447,s2687,187
1013,17,s1718,10
1014,42,s4243,169
1015,297,s2266,96
1016,169,s2082,98
1017,393,s1484,131
1018,26,s4621,222
1019,309,s5512,24
1020,127,s5141,93
1021,370,s2727,21
1022,146,s7244,286
1023,86,s8125,82
1024,445,s3147,31
1025,354,s1172,294
1026,327,s6842,42
1027,122,s7518,194
1028,314,s3826,43
1029,12,s5902,11
1030,275,s1685,298
1031,206,s2064,237
1032,134,s4453,60
1033,23,s3201,240
1034,174,s4868,171
1035,457,s559,184
1036,138,s4461,237
1037,429,s713,35
1038,146,s5807,167
1039,404,s361,113
1040,174,s8141,52
1041,491,s3352,99
1042,158,s2752,124
1043,407,s7370,190
1044,308,s6642,97
1045,222,s3359,282
1046,170,s3065,292
1047,81,s7826,297
1048,425,s5133,85
1049,140,s5188,290
1050,481,s7335,34
1051,447,s5327,233
1052,88,s4264,55
1053,41,s3391,12
1054,378,s1162,92
1055,282,s4617,213
1056,387,s4707,230
1057,119,s1057,34
1058,43,s4879,274
1059,435,s4445,34
1060,138,s2516,153
1061,336,s3278,69
1062,272,s6579,105
1063,412,s614,22
1064,15,s5898,104
1065,2,s2661,43
1066,46,s7032,21
1067,324,s84,144
1068,197,s533,263
1069,35,s5276,229
1070,140,s3146,130
1071,51,s665,127
1072,479,s5056,221
1073,350,s4065,119
1074,105,s4702,82
1075,259,s4584,275
1076,375,s1283,246
1077,271,s4562,46
1078,357,s7643,106
1079,55,s6157,146
1080,495,s7462,91
1081,449,s4748,85
1082,87,s1164,78
1083,100,s1515,104
1084,5,s4258,83
1085,62,s915,93
1086,40,s2390,230
1087,342,s3818,54
1088,269,s4578,192
1089,166,s8252,228
1090,437,s1966,165
1091,81,s5830,278
1092,276,s3399,52
1093,137,s4647,17
1094,123,s1172,152
1095,299,s8006,200
1096,477,s7046,253
1097,122,s8623,34
1098,250,s4902,21
1099,185,s417,74
1100,153,s6473,149
1101,213,s269,145
1102,186,s7459,59
1103,242,s5091,29
1104,128,s1070,47
1105,445,s4174,113
1106,274,s1841,258
1107,466,s4924,43
1108,176,s8489,80
1109,127,s5485,34
1110,39,s1047,127
1111,274,s4350,175
1112,269,s8220,186
1113,150,s5455,160
1114,98,s8045,169
1115,11,s898,174
1116,405,s7159,176
1117,59,s8768,275
1118,428,s6743,131
1119,245,s2823,293
1120,255,s2817,14
1121,209,s8292,243
1122,97,s3047,278
1123,38,s2080,131
1124,484,s3358,237
1125,26,s7177,239
1126,110,s5685,82
1127,228,s4177,170
1128,104,s8277,190
1129,453,s7970,244
1130,136,s6393,295
1131,29,s2092,25
1132,257,s5305,43
1133,18,s5454,82
1134,149,s3909,24
1135,81,s6380,182
1136,163,s4880,125
1137,195,s4898,246
1138,58,s7098,183
1139,344,s2420,129
1140,76,s5165,289
1141,75,s5547,275
1142,406,s7527,192
1143,498,s7772,265
1144,254,s6713,101
1145,296,s6729,101
1146,276,s3970,230
1147,232,s7565,255
1148,343,s3941,279
1149,392,s6502,169
1150,142,s137,177
1151,258,s6363,174
1152,385,s1022,272
1153,264,s40,279
1154,268,s3795,158
1155,314,s1307,21
1156,466,s3649,200
1157,206,s5867,300
1158,391,s1272,41
1159,180,s6204,106
1160,211,s2694,21
1161,331,s2885,193
1162,236,s3897,186
1163,41,s5334,46
1164,412,s1665,116
1165,218,s1310,195
1166,29,s3773,294
1167,2,s8261,231
1168,46,s944,74
1169,444,s174,42
1170,482,s1421,130
1171,369,s3987,158
1172,112,s240,110
1173,42,s5588,219
1174,415,s5175,295
1175,188,s8407,11
1176,276,s3716,122
1177,309,s980,80
1178,423,s3872,106
1179,274,s5840,196
1180,455,s6180,55
1181,491,s5546,61
1182,370,s2572,264
1183,22,s5132,163
1184,444,s7888,189
1185,9,s2242,169
1186,291,s8002,20
1187,215,s6318,149
1188,433,s4828,35
1189,451,s676,254
1190,137,s3390,120
1191,100,s6234,31
1192,81,s7648,207
1193,121,s7613,258
1194,378,s920,199
1195,215,s1906,211
1196,273,s5690,233
1197,395,s934,296
1198,272,s6237,85
1199,398,s1579,132
1200,7,s8121,209
1201,136,s4675,185
1202,93,s3902,181
1203,475,s6788,13
1204,147,s1037,101
1205,209,s1063,226
1206,70,s1070,300
1207,381,s8648,24
1208,110,s8061,63
1209,54,s4592,192
1210,340,s743,207
1211,386,s4692,100
1212,312,s7078,66
1213,207,s2611,253
1214,313,s78,91
1215,184,s1079,69
1216,113,s2780,275
1217,265,s6842,131
1218,87,s2049,210
1219,4,s6252,26
1220,473,s6787,138
1221,426,s3941,27
1222,122,s4875,217
1223,277,s571,23
1224,199,s6399,201
1225,136,s864,216
1226,483,s3981,212
1227,72,s501,256
1228,96,s8646,169
1229,52,s7495,78
1230,232,s3313,88
1231,339,s5933,159
1232,289,s7469,110
1233,411,s5428,129
1234,18,s2447,263
1235,208,s259,89
1236,445,s2667,176
1237,327,s6951,15
1238,93,s162,111
1239,433,s919,225
1240,354,s8657,199
1241,488,s3891,169
1242,314,s2570,159
1243,19,s543,21
1244,340,s4183,16
1245,325,s6157,100
1246,136,s1808,50
1247,452,s6165,208
1248,378,s1813,57
1249,466,s2970,299
1250,471,s613,124
1251,430,s2525,113
1252,61,s2644,190
1253,183,s6255,217
1254,140,s4740,54
1255,365,s5085,247
1256,191,s5472,53
1257,329,s6687,210
1258,110,s7426,200
1259,320,s354,166
1260,487,s2879,94
1261,270,s3947,24
1262,179,s838,27
1263,306,s7705,139
1264,11,s5567,185
1265,353,s1005,86
1266,20,s6147,62
1267,29,s7215,163
1268,103,s1786,157
1269,189,s6945,126
1270,116,s5852,191
1271,324,s2535,255
1272,244,s7002,168
1273,496,s2254,25
1274,163,s1377,155
1275,66,s2889,163
1276,365,s1043,119
1277,114,s3988,247
1278,298,s7093,44
1279,383,s6501,45
1280,232,s7638,291
1281,493,s5030,96
1282,166,s4351,241
1283,489,s5489,188
1284,1,s1131,221
1285,167,s1437,224
1286,478,s6707,187
1287,267,s8361,83
1288,44,s4722,157
1289,30,s227,153
1290,412,s2656,255
1291,28,s1973,216
1292,224,s5017,225
1293,43,s7412,180
1294,380,s5356,293
1295,425,s453,41
1296,86,s344,119
1297,23,s6174,187
1298,186,s7757,46
1299,382,s5174,113
1300,223,s6476,244
1301,329,s2167,129
1302,124,s5203,64
1303,181,s6482,179
1304,18,s8736,213
1305,207,s7658,148
1306,81,s8154,65
1307,221,s1658,213
1308,483,s1448,47
1309,107,s360,34
1310,284,s2973,273
1311,451,s7275,265
1312,485,s2447,231
1313,485,s1716,157
1314,467,s619,49
1315,76,s1221,30
1316,227,s2744,234
1317,165,s7425,10
1318,179,s1608,250
1319,197,s5748,145
1320,184,s8691,53
1321,95,s1813,81
1322,138,s6118,138
1323,49,s1196,265
1324,96,s3680,286
1325,219,s3287,173
1326,332,s4193,70
1327,151,s1006,98
1328,254,s5787,150
1329,194,s7540,164
1330,251,s6192,293
1331,368,s8693,57
1332,483,s7647,191
1333,188,s3370,79
1334,48,s3192,187
1335,87,s6431,71
1336,355,s7511,191
1337,8,s2357,100
1338,312,s1464,40
1339,154,s8548,166
1340,449,s4271,224
1341,422,s973,251
1342,147,s1241,173
1343,320,s808,53
1344,323,s1023,127
1345,27,s8395,102
1346,420,s5916,245
1347,39,s4991,259
1348,350,s8207,230
1349,326,s3606,282
1350,463,s3097,172
1351,332,s8195,70
1352,236,s4627,104
1353,53,s3505,276
1354,417,s8251,291
1355,394,s4337,44
1356,316,s2850,290
1357,359,s5033,12
1358,125,s1493,285
1359,446,s1730,87
1360,394,s7699,290
1361,441,s5213,10
1362,481,s3000,108
1363,80,s1633,119
1364,127,s1413,45
1365,67,s7920,148
1366,152,s6094,176
1367,467,s6512,283
1368,352,s4516,121
1369,300,s6833,288
1370,84,s1929,247
1371,151,s2577,194
1372,418,s5420,192
1373,1,s2830,222
1374,9,s1945,49
1375,490,s7007,193
1376,148,s5424,177
1377,409,s5655,214
1378,368,s1080,156
1379,162,s2345,280
1380,255,s3755,30
1381,116,s1824,184
1382,72,s7608,166
1383,203,s1951,180
1384,72,s8239,109
1385,413,s5949,295
1386,314,s2290,170
1387,312,s8230,130
1388,118,s3079,292
1389,31,s6787,168
1390,356,s8,152
1391,10,s1392,11
1392,482,s4862,164
1393,333,s3722,231
1394,167,s7967,120
1395,386,s1828,104
1396,290,s1062,220
1397,7,s6581,251
1398,165,s376,279
1399,464,s4860,237
1400,232,s2240,66
1401,401,s2890,98
1402,457,s1643,108
1403,313,s8257,49
1404,332,s6064,218
1405,471,s8421,229
1406,340,s6886,173
1407,125,s3840,54
1408,488,s2804,268
1409,243,s3763,197
1410,294,s679,96
1411,13,s7398,287
1412,338,s8158,106
1413,438,s4184,46
1414,485,s1593,139
1415,303,s3111,27
1416,499,s6173,197
1417,270,s4552,232
1418,86,s3750,41
1419,75,s2032,126
1420,178,s5395,89
1421,284,s6186,153
1422,317,s4787,194
1423,167,s6329,223
1424,192,s7340,220
1425,318,s6934,212
1426,114,s534,140
1427,428,s6996,125
1428,42,s2520,191
1429,490,s3002,265
1430,282,s6300,212
1431,212,s4574,103
1432,29,s3574,127
1433,115,s5693,173
1434,69,s8625,241
1435,493,s6344,188
1436,313,s2217,162
1437,391,s7281,241
1438,406,s4407,93
1439,418,s7135,173
1440,93,s4908,21
1441,324,s796,67
1442,355,s4924,205
1443,112,s5494,29
1444,248,s635,261
1445,327,s1430,208
1446,1,s7309,190
1447,436,s2151,187
1448,170,s3928,171
1449,28,s2062,239
1450,424,s8204,283
1451,74,s4475,286
1452,399,s2199,189
1453,90,s1541,210
1454,471,s5879,280
1455,13,s5572,160
1456,319,s145,199
1457,65,s8785,134
1458,354,s6036,44
1459,320,s142,299
1460,463,s7798,122
1461,83,s2868,36
1462,203,s72,281
1463,390,s4879,249
1464,104,s1752,225
1465,172,s5762,211
1466,270,s2265,19
1467,57,s1739,179
1468,159,s6802,148
1469,13,s7559,280
1470,415,s4566,97
1471,421,s768,256
1472,178,s2625,176
1473,411,s6120,286
1474,463,s6401,213
1475,97,s6686,155
1476,86,s226,163
1477,290,s8316,178
1478,292,s6161,188
1479,103,s7432,241
1480,314,s6415,269
1481,309,s1047,38
1482,374,s545,115
1483,357,s2898,261
1484,246,s7849,145
1485,428,s7653,141
1486,311,s7686,145
1487,369,s310,228
1488,426,s6756,28
1489,374,s8261,287
1490,340,s6515,22
1491,409,s7968,31
1492,180,s8797,265
1493,347,s2291,78
1494,133,s2597,99
1495,386,s558,39
1496,496,s1979,26
1497,19,s638,140
1498,409,s8230,251
1499,384,s3927,201
1500,70,s2158,123
1501,416,s1330,278
1502,210,s6999,265
1503,277,s6423,167
1504,9,s7733,212
1505,357,s6790,86
1506,69,s4473,147
1507,200,s3246,253
1508,394,s2191,76
1509,138,s6267,113
1510,234,s5271,97
1511,114,s335,90
1512,89,s7968,192
1513,65,s199,183
1514,58,s4579,130
1515,278,s7097,44
1516,479,s5739,44
1517,182,s706,203
1518,336,s1330,201
1519,483,s5566,157
1520,94,s7340,295
1521,132,s2251,49
1522,352,s1019,89
1523,271,s8559,75
1524,183,s4995,176
1525,340,s7916,219
1526,362,s5541,151
1527,298,s2724,160
1528,233,s106,275
1529,326,s8172,172
1530,428,s637,194
1531,29,s1759,262
1532,172,s4051,273
1533,461,s5445,248
1534,384,s3729,237
1535,212,s8544,142
1536,275,s344,212
1537,2,s7757,35
1538,242,s554,154
1539,17,s7733,263
1540,354,s1133,55
1541,433,s1579,228
1542,218,s5789,56
1543,237,s6960,119
1544,437,s3963,150
1545,243,s7433,29
1546,473,s4712,252
1547,19,s5671,239
1548,285,s1531,260
1549,454,s4126,235
1550,222,s3616,14
1551,164,s4912,148
1552,343,s5177,231
1553,254,s5490,74
1554,51,s5330,231
1555,29,s7461,19
1556,226,s2105,256
1557,354,s265,228
1558,128,s477,69
1559,245,s6550,278
1560,224,s8362,163
1561,429,s742,172
1562,332,s8100,261
1563,137,s930,97
1564,336,s3664,55
1565,238,s3988,187
1566,300,s5548,53
1567,498,s1726,21
1568,13,s6366,261
1569,57,s644,179
1570,60,s1256,218
1571,217,s2086,116
1572,455,s5688,105
1573,283,s3783,242
1574,330,s5713,185
1575,28,s7884,19
1576,305,s1082,166
1577,296,s224,264
1578,163,s4818,193
1579,306,s7522,254
1580,437,s6614,138
1581,2,s3711,64
1582,419,s3674,171
1583,341,s4507,78
1584,27,s6389,228
1585,485,s6174,69
1586,433,s2756,36
1587,464,s8042,104
1588,210,s8142,247
1589,185,s1475,181
1590,47,s8387,134
1591,34,s5842,157
1592,280,s5593,157
1593,345,s2584,248
1594,221,s5253,228
1595,80,s7376,268
1596,181,s8501,263
1597,347,s641,286
1598,233,s904,252
1599,137,s7249,96
1600,389,s169,151
1601,372,s6519,198
1602,221,s1549,87
1603,229,s5835,86
1604,292,s7209,136
1605,71,s3507,151
1606,380,s7570,247
1607,105,s2225,43
1608,7,s7445,26
1609,363,s262,177
1610,404,s8132,204
1611,233,s2547,222
1612,394,s517,239
1613,458,s4202,30
1614,147,s7191,167
1615,359,s4503,93
1616,415,s1405,19
1617,10,s3927,138
1618,349,s5559,42
1619,285,s3556,145
1620,444,s7594,27
1621,138,s1201,233
1622,337,s3429,72
1623,108,s114,159
1624,296,s6856,25
1625,238,s2842,252
1626,57,s3325,120
1627,401,s8734,113
1628,330,s7247,10
1629,70,s8448,115
1630,66,s2698,156
1631,103,s7283,275
1632,327,s5960,184
1633,452,s7908,261
1634,337,s6006,282
1635,336,s4579,294
1636,301,s2092,16
1637,225,s8379,179
1638,339,s5861,192
1639,368,s7467,18
1640,160,s673,256
1641,413,s2344,256
1642,39,s5909,33
1643,51,s262,169
1644,138,s1533,294
1645,135,s964,55
1646,135,s7435,222
1647,406,s2701,168
1648,283,s4713,92
1649,393,s7918,292
1650,53,s7837,67
1651,217,s3355,89
1652,279,s682,136
1653,43,s6844,297
1654,157,s1865,254
1655,423,s1469,281
1656,202,s7504,220
1657,350,s5746,297
1658,9,s4943,134
1659,443,s1846,249
1660,43,s5967,125
1661,7,s2342,150
1662,18,s123,36
1663,284,s8090,229
1664,137,s451,43
1665,430,s1846,80
1666,93,s255,50
1667,81,s7855,130
1668,331,s105,249
1669,116,s1968,117
1670,341,s3948,198
1671,328,s7177,118
1672,382,s6318,86
1673,178,s8558,294
1674,348,s5905,265
1675,212,s4238,110
1676,20,s6158,260
1677,130,s715,213
1678,31,s1111,207
1679,306,s6925,289
1680,78,s1084,147
1681,170,s7052,174
1682,171,s8803,260
1683,283,s5770,17
1684,16,s4892,143
1685,8,s3799,129
1686,40,s6274,99
1687,262,s1217,141
1688,41,s7353,150
1689,267,s6544,192
1690,403,s562,286
1691,222,s3385,146
1692,250,s8638,184
1693,250,s6406,261
1694,214,s1424,22
1695,425,s7873,234
1696,369,s7016,70
1697,13,s3569,180
1698,61,s4423,46
1699,153,s7277,76
1700,490,s4827,49
1701,283,s3444,207
1702,494,s8177,270
1703,321,s2352,266
1704,71,s3505,195
1705,267,s4568,45
1706,143,s23,264
1707,301,s8531,63
1708,334,s2037,210
1709,454,s7281,40
1710,64,s4962,63
1711,409,s2207,263
1712,360,s229,279
1713,280,s8460,163
1714,498,s2316,32
1715,163,s6021,204
1716,236,s1605,154
1717,229,s7589,119
1718,184,s3923,81
1719,344,s636,202
1720,205,s1856,277
1721,137,s4624,88
1722,251,s4722,124
1723,249,s3012,293
1724,427,s1265,184
1725,483,s6187,83
1726,142,s8327,185
1727,434,s7643,187
1728,330,s5206,40
1729,366,s955,27
1730,486,s3694,98
1731,169,s7575,103
1732,176,s5913,289
1733,177,s7728,178
1734,327,s6083,249
1735,369,s1763,236
1736,124,s3030,258
1737,119,s3168,102
1738,378,s8536,293
1739,418,s8652,87
1740,384,s396,288
1741,365,s4348,275
1742,31,s6125,265
1743,178,s3365,203
1744,499,s507,21
1745,244,s3545,134
1746,439,s636,281
1747,391,s8153,162
1748,116,s316,171
1749,414,s4813,162
1750,188,s6894,165
1751,4,s7334,38
1752,233,s6579,299
1753,443,s8068,27
1754,162,s3428,72
1755,101,s2310,281
1756,88,s7259,88
1757,444,s1496,40
1758,172,s7528,46
1759,276,s2859,159
1760,29,s2584,199
1761,278,s6206,215
1762,212,s3983,300
1763,260,s3633,191
1764,341,s2052,214
1765,95,s6805,209
1766,286,s4489,166
1767,7,s7710,17
1768,452,s3064,56
1769,78,s655,288
1770,278,s7040,60
1771,116,s8121,16
1772,59,s8065,232
1773,37,s2842,30
1774,138,s4898,297
1775,500,s5853,237
1776,331,s314,127
1777,409,s898,232
1778,409,s763,47
1779,400,s1951,166
1780,295,s2775,12
1781,275,s7163,63
1782,336,s2157,227
1783,149,s5536,159
1784,261,s1577,272
1785,221,s2223,223
1786,23,s7557,229
1787,219,s520,138
1788,342,s1167,207
1789,1,s8170,128
1790,318,s4754,14
1791,97,s1589,162
1792,129,s5393,214
1793,366,s279,60
1794,154,s1111,247
1795,396,s3155,117
1796,487,s6451,243
1797,436,s4968,263
1798,372,s2554,68
1799,249,s7789,174
1800,76,s1353,126
1801,479,s2113,61
1802,125,s4602,92
1803,47,s8003,12
1804,247,s6137,186
1805,462,s5941,212
1806,144,s4816,15
1807,122,s1506,220
1808,229,s6718,159
1809,173,s5038,247
1810,114,s178,257
1811,360,s8025,225
1812,410,s4460,67
1813,213,s1476,168
1814,48,s8721,276
1815,494,s8458,129
1816,159,s1719,252
1817,490,s4614,198
1818,273,s3886,179
1819,456,s3410,208
1820,493,s5242,13
1821,63,s5570,125
1822,437,s280,231
1823,338,s8047,38
1824,378,s6036,112
1825,144,s6681,233
1826,417,s377,17
1827,413,s1026,132
1828,239,s6630,52
1829,273,s5553,36
1830,24,s3418,86
1831,280,s874,113
1832,363,s1557,59
1833,481,s3993,195
1834,353,s2915,153
1835,333,s7265,149
1836,266,s1775,19
1837,327,s1938,238
1838,34,s3978,245
1839,158,s1467,74
1840,185,s768,23
1841,15,s1706,285
1842,35,s7484,16
1843,122,s1689,66
1844,175,s8553,202
1845,490,s7320,196
1846,461,s6848,97
1847,338,s2020,163
1848,56,s274,290
1849,461,s6663,119
1850,364,s2842,40
1851,321,s5970,18
1852,322,s2761,136
1853,45,s1207,62
1854,9,s167,271
1855,298,s4669,261
1856,454,s4749,286
1857,148,s7991,85
1858,8,s3203,240
1859,400,s478,234
1860,160,s686,171
1861,211,s6533,264
1862,396,s620,68
1863,444,s7653,146
1864,460,s2729,74
1865,267,s1244,241
1866,240,s5854,270
1867,228,s4193,48
1868,45,s421,110
1869,465,s2588,211
1870,20,s5439,138
1871,470,s117,50
1872,478,s7630,172
1873,78,s5278,265
1874,197,s4961,50
1875,486,s8097,117
1876,89,s2036,66
1877,332,s1576,123
1878,64,s3424,31
1879,481,s4876,283
1880,427,s1166,79
1881,321,s4534,159
1882,497,s278,170
1883,166,s393,245
1884,31,s718,300
1885,89,s8193,65
1886,488,s570,251
1887,105,s462,132
1888,153,s7261,32
1889,368,s302,200
1890,65,s7655,153
1891,336,s1080,153
1892,219,s5393,22
1893,318,s213,260
1894,100,s6717,65
1895,370,s880,166
1896,309,s8360,255
1897,73,s1085,299
1898,270,s1669,97
1899,87,s950,69
1900,396,s415,165
1901,371,s763,70
1902,426,s4571,142
1903,230,s4047,264
1904,231,s1878,252
1905,344,s2588,176
1906,122,s7235,96
1907,147,s5190,193
1908,438,s1172,210
1909,172,s631,47
1910,478,s5318,133
1911,469,s3534,179
1912,466,s1786,208
1913,293,s4548,181
1914,64,s6513,294
1915,160,s5597,13
1916,305,s7222,183
1917,386,s6275,231
1918,15,s6622,80
1919,15,s6927,84
1920,454,s7156,37
1921,72,s2153,278
1922,64,s7274,56
1923,72,s5903,148
1924,94,s2338,268
1925,256,s2625,212
1926,46,s4663,202
1927,98,s2691,18
1928,473,s8121,238
1929,280,s636,295
1930,352,s8042,241
1931,180,s8274,110
1932,120,s8550,101
1933,494,s3885,270
1934,466,s6429,109
1935,481,s5357,35
1936,433,s5750,177
1937,403,s8275,36
1938,403,s434,38
1939,272,s6949,140
1940,428,s4272,103
1941,129,s6988,85
1942,122,s5069,124
1943,315,s8611,14
1944,90,s6438,185
1945,162,s4869,170
1946,146,s7969,244
1947,131,s5419,239
1948,320,s6235,52
1949,255,s6864,45
1950,114,s7956,267
1951,179,s672,214
1952,186,s4412,114
1953,200,s8016,63
1954,38,s2754,67
1955,277,s3026,281
1956,14,s2833,163
1957,152,s6370,21
1958,242,s1803,77
1959,352,s8389,31
1960,207,s6060,52
1961,245,s6092,62
1962,314,s1171,260
1963,256,s2523,190
1964,23,s4595,185
1965,481,s4999,236
1966,152,s702,285
1967,411,s6370,259
1968,296,s7342,57
1969,232,s7526,283
1970,310,s3602,123
1971,91,s6767,194
1972,195,s5974,264
1973,423,s6074,256
1974,409,s5283,277
1975,173,s5548,253
1976,328,s3533,267
1977,464,s2346,45
1978,462,s588,209
1979,61,s4949,47
1980,156,s2464,172
1981,258,s8509,284
1982,90,s7495,174
1983,99,s8337,111
1984,158,s682,106
1985,328,s5909,246
1986,357,s7725,175
1987,484,s1592,171
1988,333,s3703,94
1989,353,s8171,111
1990,61,s2202,144
1991,313,s8304,251
1992,458,s941,114
1993,105,s6633,185
1994,427,s1167,20
1995,4,s7463,283
1996,236,s8542,181
1997,139,s7668,189
1998,178,s8609,193
1999,398,s665,238
2000,307,s6396,62
2001,103,s8291,96
2002,114,s4920,30
2003,263,s135,76
2004,250,s3986,121
2005,410,s1310,228
2006,180,s1771,248
2007,263,s1295,295
2008,455,s7668,119
2009,369,s7726,216
2010,37,s3033,110
2011,190,s7142,249
2012,298,s8337,55
2013,239,s8686,258
2014,103,s7629,262
2015,239,s1535,104
2016,131,s6150,90
2017,230,s1416,123
2018,371,s3421,186
2019,303,s3680,97
2020,330,s3734,256
2021,53,s1140,59
2022,77,s887,97
2023,494,s3889,31
2024,89,s7169,54
2025,120,s5932,63
2026,233,s5391,202
2027,468,s1093,25
2028,45,s4877,91
2029,17,s5115,31
2030,25,s6499,266
2031,148,s1853,40
2032,76,s3867,210
2033,320,s5528,118
2034,169,s3448,45
2035,285,s5158,22
2036,285,s2002,134
2037,330,s7807,207
2038,173,s1083,225
2039,110,s8044,258
2040,315,s2104,199
2041,97,s1037,14
2042,1,s3259,213
2043,392,s2823,105
2044,228,s8266,97
2045,285,s5825,130
2046,237,s1529,258
2047,376,s1849,265
2048,237,s1132,101
2049,261,s5852,55
2050,5,s4132,36
2051,349,s6448,273
2052,161,s2494,86
2053,217,s830,24
2054,167,s7462,54
2055,5,s5862,115
2056,357,s3887,114
2057,42,s6762,38
2058,470,s3840,293
2059,261,s1614,84
2060,333,s4789,19
2061,471,s443,80
2062,37,s4417,105
2063,78,s2072,175
2064,312,s1753,278
2065,86,s1414,167
2066,7,s2201,74
2067,477,s131,58
2068,384,s2177,159
2069,492,s190,216
2070,263,s3784,156
2071,82,s8094,259
2072,310,s5226,216
2073,114,s7962,237
2074,108,s6939,71
2075,164,s5424,114
2076,437,s4515,60
2077,178,s2352,221
2078,314,s2050,168
2079,116,s3025,186
2080,287,s6162,199
2081,426,s7897,23
2082,27,s7451,247
2083,490,s1700,187
2084,281,s7085,150
2085,66,s165,142
2086,486,s75,293
2087,125,s297,123
2088,140,s8329,95
2089,488,s4630,45
2090,399,s3163,87
2091,365,s1905,117
2092,223,s7790,189
2093,482,s5472,176
2094,276,s4829,188
2095,376,s2986,138
2096,243,s5078,149
2097,486,s4801,147
2098,29,s7845,118
2099,199,s1232,42
2100,152,s703,39
2101,425,s1417,243
2102,476,s5589,11
2103,216,s7548,288
2104,276,s3789,272
2105,441,s3967,11
2106,467,s1888,264
2107,284,s7199,219
2108,252,s7061,287
2109,425,s8386,23
2110,65,s6851,44
2111,208,s6413,276
2112,353,s2827,97
2113,58,s2876,150
2114,493,s7140,163
2115,289,s2748,23
2116,3,s3951,76
2117,197,s7559,97
2118,86,s2890,47
2119,106,s3265,298
2120,172,s6648,225
2121,281,s6293,106
2122,114,s2481,83
2123,298,s4539,254
2124,94,s3184,155
2125,132,s4361,271
2126,295,s1092,189
2127,101,s3748,10
2128,58,s6979,61
2129,389,s5509,235
2130,197,s1768,212
2131,276,s762,144
2132,32,s2957,16
2133,434,s3751,106
2134,424,s5608,126
2135,368,s4279,53
2136,363,s8715,53
2137,476,s749,22
2138,28,s3841,283
2139,159,s8118,37
2140,169,s2552,211
2141,359,s6912,31
2142,106,s5386,160
2143,106,s5899,169
2144,439,s5931,294
2145,345,s7155,80
2146,157,s1789,158
2147,312,s5718,63
2148,124,s7934,234
2149,212,s7222,253
2150,131,s4538,63
2151,322,s7559,164
2152,129,s1854,129
2153,233,s8390,281
2154,301,s8235,41
2155,110,s8117,49
2156,7,s7096,236
2157,7,s4562,106
2158,2,s3166,17
2159,462,s6856,70
2160,44,s2262,251
2161,464,s609,56
2162,366,s7278,149
2163,448,s617,46
2164,347,s6580,163
2165,128,s1349,44
2166,9,s811,191
2167,262,s2436,141
2168,187,s1106,127
2169,376,s1483,55
2170,326,s1285,259
2171,78,s2679,53
2172,433,s2191,202
2173,499,s1166,281
2174,388,s7982,50
2175,368,s2650,56
2176,134,s2230,208
2177,299,s8317,65
2178,372,s1263,184
2179,71,s535,22
2180,453,s7480,42
2181,10,s842,104
2182,78,s4444,221
2183,66,s766,232
2184,95,s1604,276
2185,213,s2953,209
2186,93,s643,131
2187,475,s6076,202
2188,123,s6755,236
2189,10,s3214,55
2190,64,s7627,291
2191,146,s5991,47
2192,225,s8175,97
2193,309,s4058,269
2194,246,s4017,54
2195,120,s6109,222
2196,126,s8608,70
2197,497,s7211,70
2198,394,s3804,255
2199,252,s2433,221
2200,416,s2416,80
2201,292,s3927,230
2202,111,s506,229
2203,82,s1142,66
2204,43,s1206,239
2205,193,s7172,166
2206,160,s5776,73
2207,384,s7355,237
2208,212,s4282,31
2209,318,s6661,20
2210,152,s83,178
2211,48,s595,285
2212,338,s1093,99
2213,407,s7746,54
2214,272,s6956,47
2215,424,s3287,107
2216,185,s1866,26
2217,34,s5090,125
2218,351,s1274,92
2219,190,s6683,22
2220,40,s1649,221
2221,469,s4447,288
2222,26,s801,173
2223,188,s2906,35
2224,88,s2637,135
2225,30,s3960,21
2226,23,s6828,28
2227,84,s581,166
2228,224,s5821,172
2229,208,s2514,225
2230,34,s7851,32
2231,176,s1490,106
2232,462,s6027,17
2233,4,s8257,292
2234,48,s239,202
2235,111,s6697,127
2236,129,s1064,113
2237,92,s4987,281
2238,407,s5040,222
2239,89,s5299,214
2240,335,s8050,41
2241,348,s5129,194
2242,447,s2062,120
2243,303,s4188,116
2244,186,s7033,188
2245,184,s5872,154
2246,396,s433,42
2247,261,s410,238
2248,80,s4743,24
2249,326,s1510,244
2250,122,s4491,266
2251,352,s8640,238
2252,459,s8000,230
2253,468,s7361,287
2254,280,s2424,180
2255,303,s1399,165
2256,453,s537,283
2257,105,s1503,170
2258,105,s7717,185
2259,370,s2898,71
2260,307,s1413,112
2261,22,s8650,20
2262,302,s4989,283
2263,419,s1185,115
2264,36,s7287,135
2265,321,s1057,153
2266,55,s5378,102
2267,482,s8705,54
2268,238,s8423,172
2269,169,s3752,206
2270,393,s8729,176
2271,126,s6641,282
2272,89,s145,115
2273,172,s8797,272
2274,319,s4705,197
2275,400,s5509,152
2276,45,s6400,272
2277,229,s2133,263
2278,395,s5177,62
2279,423,s5734,300
2280,162,s8077,156
2281,51,s3684,63
2282,107,s755,214
2283,7,s1963,273
2284,180,s5987,65
2285,342,s6529,214
2286,381,s1218,222
2287,239,s2256,269
2288,263,s8077,122
2289,277,s2194,104
2290,9,s7757,55
2291,387,s4217,213
2292,408,s1379,48
2293,198,s8501,128
2294,296,s6792,17
2295,343,s2821,82
2296,12,s4246,186
2297,338,s2211,166
2298,404,s7752,234
2299,74,s6134,191
2300,53,s6783,48
2301,239,s8051,138
2302,197,s1526,25
2303,127,s7905,104
2304,96,s6195,158
2305,170,s2643,107
2306,83,s3915,297
2307,289,s7367,110
2308,452,s3629,88
2309,6,s3502,40
2310,284,s1889,167
2311,443,s1049,258
2312,465,s6528,265
2313,407,s4769,17
2314,254,s3384,237
2315,261,s4072,36
2316,14,s6569,35
2317,470,s6187,42
2318,404,s4194,299
2319,494,s6594,120
2320,247,s2614,39
2321,298,s7907,192
2322,96,s4163,271
2323,339,s6014,166
2324,6,s2074,216
2325,224,s536,29
2326,362,s3747,84
2327,458,s4271,293
2328,201,s5405,167
2329,328,s6162,187
2330,102,s3340,51
2331,459,s838,245
2332,480,s5505,60
2333,374,s8037,148
2334,243,s191,30
2335,425,s2018,134
2336,453,s111,245
2337,58,s6950,269
2338,489,s4412,163
2339,322,s8175,154
2340,355,s8341,72
2341,318,s1313,265
2342,296,s4772,206
2343,309,s1617,27
2344,457,s5931,89
2345,386,s2887,242
2346,336,s7709,168
2347,60,s5901,238
2348,266,s6445,176
2349,235,s2919,115
2350,45,s4690,145
2351,307,s1109,212
2352,1,s1463,288
2353,65,s136,76
2354,57,s7033,32
2355,323,s4995,199
2356,109,s2998,29
2357,204,s1464,286
2358,400,s4028,133
2359,367,s8562,88
2360,142,s6063,186
2361,208,s1995,112
2362,231,s6679,93
2363,469,s8369,261
2364,230,s3225,171
2365,461,s1966,129
2366,288,s1882,215
2367,392,s2485,293
2368,128,s1894,219
2369,211,s2593,296
2370,208,s7586,231
2371,477,s2799,291
2372,377,s7993,28
2373,383,s3185,238
2374,217,s623,114
2375,358,s8328,163
2376,396,s1259,22
2377,344,s7126,111
2378,448,s7735,289
2379,86,s1420,234
2380,403,s4554,232
2381,78,s2785,69
2382,476,s1422,279
2383,97,s7904,154
2384,444,s2854,31
2385,21,s2846,167
2386,20,s1144,169
2387,364,s7150,123
2388,116,s7336,198
2389,316,s920,185
2390,126,s5936,189
2391,96,s7962,268
2392,9,s7529,171
2393,325,s5095,214
2394,90,s4056,46
2395,229,s931,281
2396,381,s2789,53
2397,32,s4692,126
2398,15,s8047,61
2399,43,s2813,239
2400,362,s6113,180
2401,212,s5552,197
2402,335,s8511,112
2403,187,s5732,148
2404,184,s3077,30
2405,334,s2065,230
2406,107,s6576,70
2407,495,s7905,129
2408,292,s816,17
2409,487,s719,82
2410,463,s5957,159
2411,215,s4127,60
2412,245,s2996,44
2413,118,s1355,283
2414,152,s1154,167
2415,394,s5819,50
2416,331,s7602,156
2417,257,s5749,128
2418,100,s2123,165
2419,378,s8792,13
2420,196,s671,37
2421,240,s8599,111
2422,446,s6394,89
2423,152,s4148,121
2424,250,s6096,236
2425,248,s2389,123
2426,63,s7462,54
2427,55,s4970,288
2428,367,s4039,194
2429,276,s7235,37
2430,43,s2108,111
2431,103,s3305,14
2432,368,s6790,218
2433,472,s5038,285
2434,115,s6050,67
2435,81,s5668,263
2436,186,s1759,150
2437,466,s2285,27
2438,358,s1397,11
2439,323,s2654,149
2440,96,s5970,79
2441,264,s4588,118
2442,108,s5920,12
2443,317,s8790,221
2444,362,s5078,101
2445,235,s8555,151
2446,361,s259,234
2447,233,s2305,218
2448,170,s2171,298
2449,129,s3342,168
2450,161,s4287,288
2451,119,s3186,21
2452,278,s3557,244
2453,432,s8159,276
2454,377,s5548,286
2455,209,s8306,278
2456,434,s3424,297
2457,76,s6951,253
2458,421,s363,269
2459,465,s2355,112
2460,213,s3319,119
2461,291,s5639,158
2462,23,s3382,232
2463,144,s7573,247
2464,339,s6802,69
2465,60,s7641,252
2466,387,s194,13
2467,239,s5102,37
2468,431,s6988,215
2469,240,s314,187
2470,310,s3633,72
2471,105,s6422,29
2472,88,s4083,280
2473,169,s4972,283
2474,409,s8284,96
2475,294,s488,217
2476,375,s1124,185
2477,77,s2320,226
2478,434,s5397,88
2479,281,s2748,51
2480,457,s4670,111
2481,168,s1247,207
2482,397,s6376,148
2483,394,s5266,287
2484,277,s8521,115
2485,237,s216,228
2486,498,s4616,155
2487,482,s8602,189
2488,310,s4202,201
2489,295,s1112,291
2490,441,s2251,234
2491,55,s6112,86
2492,145,s5957,75
2493,468,s5727,142
2494,325,s47,212
2495,122,s8117,255
2496,138,s4272,66
2497,168,s4720,242
2498,378,s6642,278
2499,219,s142,158
2500,88,s6333,185
2501,408,s6920,256
2502,463,s5988,102
2503,107,s1840,11
2504,82,s2845,138
2505,459,s1580,195
2506,445,s4265,34
2507,434,s61,154
2508,453,s3086,40
2509,355,s3009,82
2510,422,s1174,99
2511,30,s495,134
2512,485,s5936,53
2513,500,s164,283
2514,427,s2630,138
2515,236,s2284,120
2516,209,s6630,85
2517,457,s284,10
2518,160,s5272,149
2519,206,s4346,69
2520,140,s7682,196
2521,422,s6140,69
2522,94,s7981,212
2523,378,s8277,96
2524,78,s2689,115
2525,101,s6340,194
2526,255,s6934,134
2527,409,s5805,84
2528,58,s4843,279
2529,387,s8683,119
2530,413,s7688,65
2531,309,s4988,275
2532,302,s1283,40
2533,166,s7616,91
2534,462,s3400,272
2535,303,s7542,238
2536,357,s6667,211
2537,245,s8184,11
2538,465,s4034,187
2539,443,s6647,168
2540,371,s6717,202
2541,205,s3276,46
2542,474,s6941,245
2543,70,s2924,227
2544,423,s8151,255
2545,171,s7330,232
2546,452,s687,113
2547,455,s5281,42
2548,151,s7154,264
2549,71,s3799,108
2550,163,s6478,17
2551,96,s260,116
2552,79,s6415,227
2553,102,s7408,171
2554,491,s3935,60
2555,36,s8118,300
2556,227,s5342,149
2557,273,s2277,268
2558,433,s3599,180
2559,121,s600,200
2560,115,s1666,180
2561,306,s1038,83
2562,40,s1315,294
2563,469,s7693,211
2564,343,s6254,77
2565,91,s7718,152
2566,39,s362,128
2567,273,s1801,31
2568,239,s2699,194
2569,363,s314,266
2570,39,s5456,194
2571,436,s960,173
2572,20,s348,104
2573,181,s1484,36
2574,315,s1104,220
2575,265,s8121,278
2576,388,s5527,66
2577,133,s3765,239
2578,3,s6300,235
2579,493,s6016,23
2580,472,s8158,75
2581,472,s367,86
2582,280,s7826,203
2583,10,s6196,176
2584,186,s7627,26
2585,409,s1452,245
2586,80,s1715,41
2587,422,s8526,206
2588,178,s4019,182
2589,305,s422,127
2590,494,s7601,207
2591,358,s6957,266
2592,301,s4161,14
2593,330,s3910,236
2594,288,s6977,95
2595,112,s3029,15
2596,146,s7742,128
2597,179,s8447,180
2598,377,s6193,222
2599,451,s2485,157
2600,75,s6395,197
2601,108,s1555,173
2602,273,s1601,175
2603,497,s7600,97
2604,470,s3150,174
2605,197,s8644,201
2606,107,s1874,28
2607,221,s4156,189
2608,425,s3556,142
2609,137,s1069,242
2610,445,s8335,179
2611,373,s82,183
2612,366,s2930,99
2613,478,s4921,41
2614,292,s6600,243
2615,167,s2820,83
2616,69,s5190,219
2617,331,s729,62
2618,332,s5662,161
2619,23,s7819,221
2620,234,s6371,172
2621,74,s102,93
2622,303,s7854,216
2623,461,s7507,51
2624,417,s6206,212
2625,437,s8018,61
2626,75,s1708,31
2627,263,s4383,175
2628,244,s7391,41
2629,422,s3718,184
2630,363,s938,76
2631,82,s7513,164
2632,210,s8723,288
2633,355,s4359,295
2634,387,s4840,24
2635,146,s7949,261
2636,318,s4700,274
2637,42,s2649,108
2638,347,s8513,96
2639,431,s2912,58
2640,33,s6552,272
2641,470,s6514,121
2642,372,s3412,121
2643,190,s7422,204
2644,97,s8062,198
2645,371,s7835,102
2646,9,s918,72
2647,450,s947,235
2648,80,s2179,152
2649,12,s7754,58
2650,330,s7362,195
2651,380,s3205,118
2652,302,s2726,85
2653,90,s1766,25
2654,397,s5804,245
2655,221,s3911,183
2656,212,s7704,165
2657,241,s1277,98
2658,94,s7607,224
2659,266,s2102,14
2660,240,s314,59
2661,195,s304,184
2662,209,s2864,141
2663,14,s7052,44
2664,350,s5953,170
2665,400,s4323,157
2666,336,s8399,90
2667,362,s2334,298
2668,91,s961,21
2669,397,s5196,55
2670,366,s8515,269
2671,78,s8467,20
2672,184,s642,267
2673,173,s121,156
2674,189,s4769,170
2675,4,s7537,16
2676,68,s6860,213
2677,244,s6956,143
2678,432,s4115,35
2679,67,s4072,49
2680,125,s5217,227
2681,234,s8250,286
2682,322,s5463,242
2683,19,s8073,66
2684,29,s7221,48
2685,308,s411,34
2686,266,s4517,122
2687,52,s3657,108
2688,421,s4070,114
2689,229,s5265,268
2690,259,s2192,132
2691,113,s2968,262
2692,393,s1717,50
2693,345,s1406,170
2694,18,s5736,193
2695,320,s2216,289
2696,360,s3824,78
2697,146,s3083,125
2698,282,s4160,132
2699,48,s296,207
2700,169,s6189,209
2701,323,s5437,14
2702,140,s1729,49
2703,78,s4912,11
2704,404,s7010,129
2705,226,s753,183
2706,62,s3455,32
2707,371,s1564,185
2708,379,s5174,135
2709,163,s3448,221
2710,404,s4573,100
2711,36,s1217,110
2712,73,s943,299
2713,15,s1386,110
2714,280,s5152,154
2715,106,s5621,185
2716,88,s5832,217
2717,293,s2694,196
2718,138,s5512,36
2719,68,s633,253
2720,410,s466,290
2721,305,s2606,121
2722,390,s920,162
2723,110,s6148,247
2724,441,s4291,224
2725,434,s4147,279
2726,392,s1575,297
2727,303,s7333,34
2728,92,s3018,47
2729,395,s1788,83
2730,130,s870,219
2731,301,s3370,218
2732,125,s1115,276
2733,294,s3663,58
2734,381,s236,127
2735,172,s1839,100
2736,424,s8328,135
2737,40,s6933,167
2738,338,s5094,180
2739,488,s2405,185
2740,434,s8626,55
2741,162,s2762,232
2742,72,s303,65
2743,334,s1395,98
2744,348,s5390,260
2745,33,s322,273
2746,55,s3111,206
2747,125,s6837,67
2748,77,s3809,232
2749,231,s5289,148
2750,433,s4617,28
2751,174,s8700,19
2752,203,s6700,49
2753,249,s7995,148
2754,2,s3195,75
2755,250,s8178,167
2756,156,s7825,263
2757,134,s8786,176
2758,192,s1544,281
2759,58,s4702,265
2760,226,s4254,52
2761,321,s4828,272
2762,339,s949,171
2763,48,s6731,207
2764,461,s3182,228
2765,297,s8230,139
2766,486,s5015,290
2767,257,s7213,53
2768,403,s2075,19
2769,34,s651,62
2770,365,s985,287
2771,117,s1845,259
2772,192,s8050,88
2773,310,s5753,200
2774,28,s1635,210
2775,180,s7098,50
2776,460,s5397,35
2777,89,s2562,219
2778,59,s1739,211
2779,434,s5336,257
2780,233,s2224,157
2781,16,s2936,66
2782,72,s2158,163
2783,139,s4245,14
2784,349,s1095,293
2785,400,s6714,216
2786,363,s3212,105
2787,147,s2275,245
2788,267,s3862,144
2789,128,s1565,22
2790,355,s4946,52
2791,138,s1828,296
2792,66,s7168,58
2793,334,s7495,117
2794,74,s7523,88
2795,120,s5502,228
2796,489,s5528,265
2797,461,s1717,162
2798,110,s3113,295
2799,286,s2963,264
2800,185,s2587,95
2801,41,s2035,198
2802,61,s3598,221
2803,198,s6006,178
2804,314,s975,185
2805,262,s8114,123
2806,253,s213,63
2807,407,s5665,218
2808,166,s777,277
2809,97,s3937,186
2810,314,s7055,182
2811,401,s2243,195
2812,318,s8697,218
2813,388,s1894,134
2814,26,s6305,216
2815,287,s2945,285
2816,335,s126,23
2817,235,s5093,72
2818,412,s2421,290
2819,127,s8325,172
2820,121,s7249,297
2821,108,s4910,34
2822,444,s952,219
2823,46,s3188,44
2824,408,s8328,182
2825,451,s3425,261
2826,196,s5665,180
2827,467,s4075,136
2828,396,s866,90
2829,453,s1273,213
2830,39,s5228,34
2831,72,s7269,211
2832,11,s6976,173
2833,343,s8193,267
2834,101,s3078,143
2835,463,s7118,191
2836,154,s2940,230
2837,163,s5433,244
2838,246,s3172,277
2839,24,s7203,90
2840,52,s7030,202
2841,98,s6339,77
2842,8,s5691,283
2843,447,s114,82
2844,157,s3698,202
2845,306,s5121,129
2846,397,s2324,153
2847,409,s6589,81
2848,233,s5765,269
2849,183,s922,159
2850,313,s5134,18
2851,444,s456,190
2852,359,s776,53
2853,414,s7433,299
2854,295,s7825,26
2855,383,s6921,162
2856,121,s2840,180
2857,26,s5603,140
2858,385,s919,38
2859,318,s2959,235
2860,491,s8467,158
2861,182,s2089,80
2862,483,s6657,248
2863,248,s3383,186
2864,111,s4347,277
2865,159,s586,69
2866,97,s8628,212
2867,40,s2022,17
2868,410,s3785,141
2869,500,s2648,10
2870,174,s7582,113
2871,129,s8282,154
2872,84,s3871,39
2873,115,s7870,116
2874,107,s8735,61
2875,17,s1546,25
2876,350,s4781,175
2877,261,s2162,191
2878,163,s4947,33
2879,119,s3639,171
2880,484,s3542,231
2881,156,s264,153
2882,66,s6373,222
2883,114,s3639,210
2884,245,s1853,197
2885,70,s4968,67
2886,33,s7056,15
2887,51,s4682,12
2888,297,s6595,103
2889,148,s3157,43
2890,482,s1738,106
2891,237,s1478,100
2892,152,s4097,19
2893,453,s4680,30
2894,280,s6970,98
2895,254,s2940,210
2896,167,s1794,228
2897,453,s6739,143
2898,135,s906,210
2899,422,s3733,100
2900,292,s2535,269
2901,166,s3330,192
2902,219,s1092,25
2903,290,s4883,159
2904,174,s6721,245
2905,288,s6017,227
2906,147,s1945,46
2907,266,s2791,138
2908,121,s3078,219
2909,67,s7274,74
2910,422,s6194,243
2911,255,s4409,219
2912,328,s5749,232
2913,222,s1916,213
2914,7,s3003,62
2915,125,s6825,76
2916,420,s7907,225
2917,231,s6964,287
2918,186,s8681,93
2919,192,s3304,219
2920,192,s5348,220
2921,432,s2525,297
2922,234,s4324,298
2923,399,s6279,125
2924,283,s469,198
2925,354,s8417,52
2926,390,s7538,173
2927,218,s2858,205
2928,164,s1776,24
2929,263,s5983,101
2930,106,s5261,20
2931,343,s4553,258
2932,241,s8459,200
2933,454,s2426,103
2934,9,s5788,166
2935,73,s800,23
2936,230,s7912,29
2937,130,s1092,241
2938,323,s5274,163
2939,442,s394,166
2940,442,s7684,221
2941,256,s1682,111
2942,328,s7290,299
2943,424,s5888,109
2944,100,s5052,273
2945,276,s4057,200
2946,427,s6075,64
2947,2,s11,130
2948,291,s856,81
2949,341,s4763,128
2950,264,s2705,289
2951,70,s4928,193
2952,10,s5865,16
2953,9,s5511,299
2954,233,s214,138
2955,121,s430,186
2956,363,s6633,286
2957,150,s8022,286
2958,47,s3232,71
2959,436,s473,296
2960,252,s4328,230
2961,138,s552,79
2962,83,s5916,38
2963,143,s4704,287
2964,354,s4670,275
2965,336,s7871,62
2966,122,s3169,111
2967,207,s1532,283
2968,221,s6407,120
2969,25,s4833,205
2970,373,s1853,88
2971,317,s6586,229
2972,161,s8245,201
2973,127,s3264,66
2974,267,s8416,37
2975,230,s412,40
2976,465,s6135,87
2977,153,s4002,73
2978,415,s3289,136
2979,38,s7009,218
2980,115,s6279,221
2981,274,s3572,205
2982,74,s2378,102
2983,324,s7268,77
2984,68,s1818,123
2985,70,s3502,247
2986,368,s526,84
2987,234,s5461,228
2988,35,s6787,52
2989,479,s1283,68
2990,199,s604,297
2991,233,s3194,223
2992,365,s6311,280
2993,70,s7868,289
2994,357,s3887,188
2995,55,s7555,27
2996,203,s7842,94
2997,8,s7955,111
2998,485,s7220,23
2999,134,s1804,129
3000,448,s6023,61
3001,52,s6165,192
3002,324,s202,202
3003,27,s5928,119
3004,30,s5487,57
3005,199,s8429,247
3006,115,s111,185
3007,400,s5208,68
3008,162,s4982,232
3009,48,s5242,163
3010,162,s3495,37
3011,351,s5892,277
3012,12,s5038,59
3013,268,s7194,126
3014,309,s911,109
3015,285,s3214,84
3016,215,s7472,65
3017,23,s6999,297
3018,424,s1845,154
3019,448,s2248,103
3020,49,s2259,65
3021,291,s1374,109
3022,319,s5045,247
3023,127,s7899,10
3024,454,s1484,96
3025,406,s3545,12
3026,238,s8450,123
3027,163,s2919,263
3028,94,s8603,297
3029,439,s203,153
3030,95,s2575,267
3031,341,s8145,23
3032,117,s4681,252
3033,89,s66,43
3034,231,s2069,256
3035,402,s3116,168
3036,441,s4057,34
3037,114,s328,287
3038,311,s5801,143
3039,120,s6407,77
3040,352,s6816,93
3041,38,s7660,39
3042,130,s8214,164
3043,266,s2504,153
3044,174,s1727,132
3045,357,s6528,187
3046,253,s3850,42
3047,401,s4170,71
3048,111,s2423,210
3049,46,s7085,167
3050,473,s6722,206
3051,40,s3119,214
3052,292,s4229,29
3053,226,s7645,298
3054,11,s5014,110
3055,500,s7137,88
3056,116,s2320,273
3057,339,s3821,253
3058,481,s8649,272
3059,274,s7181,211
3060,256,s3423,199
3061,349,s3240,283
3062,259,s5958,88
3063,85,s3810,201
3064,355,s194,177
3065,442,s552,282
3066,489,s5435,220
3067,377,s5682,227
3068,461,s8286,243
3069,102,s2477,82
3070,236,s89,84
3071,255,s6217,150
3072,460,s4862,193
3073,36,s1170,298
3074,489,s5239,156
3075,116,s205,294
3076,138,s6917,226
3077,481,s7643,264
3078,72,s4902,127
3079,240,s3560,37
3080,140,s6066,196
3081,495,s6426,201
3082,83,s1158,287
3083,99,s5124,242
3084,378,s6840,264
3085,495,s7131,202
3086,348,s5728,114
3087,201,s4467,215
3088,178,s6823,36
3089,306,s1970,298
3090,358,s5692,91
3091,214,s8699,35
3092,317,s2639,156
3093,415,s1961,142
3094,315,s5628,177
3095,78,s8046,274
3096,92,s3399,285
3097,401,s2659,267
3098,263,s7314,72
3099,234,s704,261
3100,397,s2958,206
3101,208,s530,270
3102,253,s4771,12
3103,5,s8691,106
3104,154,s3391,108
3105,344,s1024,49
3106,219,s2407,209
3107,492,s3541,228
3108,67,s5360,230
3109,337,s8493,229
3110,270,s634,300
3111,426,s3324,228
3112,249,s7038,242
3113,455,s2780,118
3114,434,s2475,161
3115,4,s2004,136
3116,107,s7253,197
3117,130,s4126,299
3118,139,s2702,269
3119,134,s8102,224
3120,3,s8449,281
3121,157,s7664,148
3122,79,s7792,295
3123,264,s6568,281
3124,494,s2044,147
3125,119,s534,246
3126,272,s1768,19
3127,80,s8336,89
3128,184,s8318,51
3129,15,s3332,131
3130,500,s6300,151
3131,139,s754,16
3132,265,s7776,262
3133,388,s838,109
3134,474,s2695,279
3135,414,s1695,288
3136,310,s6265,282
3137,255,s8130,101
3138,489,s386,236
3139,143,s5310,280
3140,451,s1081,212
3141,427,s3765,232
3142,172,s180,239
3143,397,s5760,270
3144,33,s6616,177
3145,264,s4466,171
3146,236,s3468,116
3147,454,s4887,44
3148,122,s166,274
3149,191,s1421,255
3150,186,s3671,13
3151,137,s2380,22
3152,214,s1239,258
3153,277,s7441,107
3154,399,s4818,97
3155,490,s7023,299
3156,80,s5768,162
3157,99,s4437,11
3158,128,s2283,28
3159,44,s6340,192
3160,436,s62,273
3161,147,s3823,49
3162,282,s2202,81
3163,162,s7577,147
3164,102,s1982,113
3165,91,s7153,62
3166,225,s3738,159
3167,476,s5669,176
3168,309,s2548,152
3169,127,s8293,243
3170,442,s2271,270
3171,175,s7699,275
3172,9,s3910,189
3173,121,s2168,270
3174,137,s8787,254
3175,150,s3382,243
3176,390,s7651,143
3177,461,s248,196
3178,274,s4850,271
3179,370,s6905,95
3180,110,s4927,293
3181,186,s5082,176
3182,247,s6746,29
3183,10,s4024,207
3184,453,s505,239
3185,29,s1974,168
3186,461,s3534,212
3187,331,s2637,139
3188,21,s7565,118
3189,85,s7379,246
3190,61,s6400,229
3191,383,s8022,114
3192,216,s1277,184
3193,434,s1525,24
3194,90,s4038,23
3195,376,s245,120
3196,376,s2722,23
3197,66,s4954,209
3198,34,s111,28
3199,384,s7876,40
3200,454,s1946,137
3201,449,s7018,180
3202,300,s5561,263
3203,56,s8795,51
3204,56,s1074,85
3205,139,s5371,253
3206,374,s4429,10
3207,281,s5829,275
3208,398,s6343,250
3209,151,s4232,169
3210,155,s2500,224
3211,291,s2898,84
3212,128,s7350,121
3213,26,s356,119
3214,308,s4658,268
3215,117,s951,37
3216,479,s1571,160
3217,418,s7452,286
3218,198,s4007,74
3219,362,s1386,115
3220,187,s1505,18
3221,13,s7604,149
3222,292,s2206,265
3223,69,s4761,217
3224,220,s429,132
3225,118,s5612,178
3226,228,s2446,83
3227,484,s3574,58
3228,457,s816,135
3229,21,s8056,166
3230,343,s5748,76
3231,297,s6617,88
3232,186,s6875,92
3233,498,s6496,133
3234,222,s1843,222
3235,236,s8384,251
3236,476,s3181,267
3237,399,s7726,97
3238,499,s7237,200
3239,73,s1835,190
3240,241,s2284,102
3241,206,s8287,299
3242,109,s5850,63
3243,41,s7106,63
3244,109,s5472,54
3245,480,s7643,45
3246,95,s3954,203
3247,373,s4737,35
3248,140,s600,186
3249,314,s6183,19
3250,16,s1142,184
3251,272,s6989,267
3252,134,s7192,137
3253,55,s8166,128
3254,17,s2439,204
3255,332,s7579,130
3256,240,s1240,197
3257,378,s8590,236
3258,385,s1552,21
3259,392,s4580,46
3260,133,s5228,52
3261,109,s4608,92
3262,403,s4193,178
3263,350,s4578,85
3264,491,s8540,277
3265,453,s7930,136
3266,46,s4501,94
3267,471,s88,29
3268,17,s1651,81
3269,250,s5480,295
3270,336,s394,112
3271,42,s811,192
3272,371,s1113,106
3273,244,s1843,88
3274,92,s1565,185
3275,416,s7739,259
3276,294,s6339,240
3277,146,s5546,239
3278,386,s5853,206
3279,178,s1194,211
3280,456,s4093,140
3281,273,s5589,15
3282,75,s2313,245
3283,456,s3281,222
3284,25,s3817,228
3285,269,s3594,150
3286,29,s452,264
3287,376,s6439,277
3288,370,s1350,257
3289,337,s7309,176
3290,144,s2908,261
3291,73,s1912,64
3292,291,s6114,203
3293,135,s462,224
3294,374,s8519,143
3295,53,s7568,251
3296,414,s6523,45
3297,251,s3376,157
3298,167,s2290,233
3299,234,s6365,284
3300,489,s3431,93
3301,47,s7440,282
3302,77,s1297,22
3303,462,s1736,225
3304,156,s2217,243
3305,478,s5207,70
3306,169,s6787,90
3307,57,s6010,31
3308,363,s162,26
3309,408,s2271,37
3310,313,s7438,199
3311,186,s5247,139
3312,67,s5383,117
3313,342,s5756,36
3314,396,s7020,105
3315,25,s2979,85
3316,149,s6936,168
3317,211,s2258,146
3318,43,s1966,106
3319,228,s3610,104
3320,351,s7464,81
3321,117,s6611,296
3322,388,s1275,39
3323,85,s6254,42
3324,498,s7024,34
3325,365,s3506,10
3326,342,s30,215
3327,50,s4209,183
3328,203,s6508,253
3329,74,s4817,178
3330,162,s7639,257
3331,290,s3662,154
3332,395,s6947,68
3333,274,s8586,65
3334,64,s1870,193
3335,313,s5050,103
3336,120,s7342,284
3337,456,s2764,129
3338,446,s6999,205
3339,110,s5078,183
3340,401,s2221,83
3341,209,s4496,120
3342,158,s264,86
3343,461,s7865,218
3344,316,s3436,25
3345,206,s620,240
3346,139,s409,121
3347,254,s4175,182
3348,223,s7878,288
3349,478,s7935,257
3350,363,s1008,142
3351,412,s105,300
3352,77,s8046,48
3353,363,s5980,273
3354,132,s8635,267
3355,33,s4840,171
3356,305,s1652,165
3357,490,s5314,130
3358,372,s1750,263
3359,143,s30,41
3360,11,s8644,66
3361,405,s2152,270
3362,374,s3444,249
3363,163,s452,169
3364,126,s5835,76
3365,365,s905,205
3366,332,s7885,280
3367,418,s4343,197
3368,273,s8713,254
3369,317,s7297,77
3370,177,s2233,47
3371,56,s6732,207
3372,187,s5843,20
3373,271,s7459,256
3374,395,s6624,231
3375,450,s896,66
3376,44,s6998,32
3377,466,s8497,206
3378,410,s7748,232
3379,280,s1570,254
3380,388,s3422,195
3381,388,s1604,145
3382,31,s3152,251
3383,388,s5024,65
3384,477,s4789,174
3385,123,s3078,169
3386,223,s2621,135
3387,221,s4381,194
3388,382,s5622,43
3389,427,s7440,267
3390,132,s8036,92
3391,28,s4287,158
3392,139,s5805,202
3393,343,s5483,141
3394,17,s3442,207
3395,468,s8634,94
3396,491,s6944,256
3397,151,s257,222
3398,200,s5668,300
3399,497,s3697,37
3400,413,s4291,52
3401,156,s4076,294
3402,295,s5707,168
3403,35,s8353,81
3404,440,s4113,122
3405,454,s3412,279
3406,122,s8496,207
3407,327,s4299,76
3408,300,s2382,201
3409,255,s7098,32
3410,161,s65,37
3411,456,s8765,162
3412,122,s2452,76
3413,256,s7765,59
3414,118,s7552,267
3415,422,s5295,265
3416,195,s145,84
3417,150,s1562,40
3418,208,s8422,174
3419,25,s5252,199
3420,295,s5939,170
3421,161,s4792,65
3422,140,s3142,44
3423,157,s3817,196
3424,111,s6020,249
3425,201,s2947,186
3426,265,s6230,191
3427,496,s6405,249
3428,479,s5293,143
3429,289,s1419,33
3430,358,s5746,273
3431,474,s6483,163
3432,157,s1430,268
3433,310,s1244,228
3434,120,s4051,114
3435,55,s5892,178
3436,192,s5185,72
3437,199,s605,194
3438,352,s3694,65
3439,464,s6022,183
3440,133,s4022,154
3441,212,s3607,90
3442,475,s6876,217
3443,385,s4945,280
3444,473,s2989,25
3445,171,s2190,118
3446,457,s3164,80
3447,485,s6411,260
3448,217,s564,28
3449,237,s2869,223
3450,105,s4386,180
3451,35,s213,143
3452,176,s5228,89
3453,187,s6476,176
3454,220,s681,37
3455,149,s6136,98
3456,394,s2476,182
3457,228,s887,47
3458,313,s4467,165
3459,256,s8160,286
3460,85,s4136,179
3461,402,s8752,282
3462,425,s2803,76
3463,427,s6514,77
3464,482,s1569,12
3465,42,s8116,240
3466,496,s3870,89
3467,263,s3259,242
3468,185,s6459,261
3469,93,s8341,225
3470,444,s5834,238
3471,264,s1686,205
3472,170,s4490,130
3473,221,s8540,174
3474,244,s1981,72
3475,233,s1281,123
3476,435,s1816,217
3477,320,s5390,291
3478,138,s465,210
3479,1,s8365,129
3480,472,s957,125
3481,92,s1197,78
3482,187,s7400,202
3483,176,s2889,20
3484,133,s5173,40
3485,351,s8475,124
3486,320,s2452,235
3487,406,s4680,165
3488,284,s8695,164
3489,328,s1097,71
3490,261,s1171,131
3491,165,s5719,204
3492,270,s722,49
3493,359,s834,271
3494,461,s7979,257
3495,425,s1578,10
3496,309,s8690,50
3497,296,s2649,190
3498,374,s5741,237
3499,174,s6298,41
3500,353,s68,234
3501,174,s24,159
3502,346,s6662,136
3503,486,s3769,122
3504,392,s8778,91
3505,184,s6557,79
3506,74,s8357,112
3507,12,s6168,261
3508,466,s5172,223
3509,46,s5649,252
3510,236,s4229,222
3511,142,s953,290
3512,459,s1089,200
3513,61,s7899,273
3514,293,s3365,73
3515,492,s3396,157
3516,410,s1772,195
3517,235,s2587,157
3518,171,s7134,240
3519,223,s7081,16
3520,203,s3504,130
3521,1,s1447,11
3522,481,s8480,145
3523,323,s2443,150
3524,196,s4870,271
3525,441,s6285,114
3526,9,s4548,264
3527,429,s7409,166
3528,363,s5216,86
3529,81,s4530,19
3530,320,s7087,212
3531,410,s168,106
3532,174,s2871,58
3533,359,s4373,11
3534,273,s7680,243
3535,49,s1782,297
3536,69,s7768,226
3537,478,s1332,284
3538,268,s1415,200
3539,296,s3573,36
3540,196,s4588,47
3541,10,s7936,66
3542,90,s6403,231
3543,238,s5634,20
3544,360,s3971,36
3545,426,s1795,190
3546,139,s7529,198
3547,114,s2816,176
3548,45,s6271,234
3549,68,s6747,64
3550,191,s3975,11
3551,445,s6980,150
3552,500,s2955,39
3553,330,s7481,284
3554,193,s6697,41
3555,457,s8562,150
3556,73,s2689,74
3557,70,s4110,209
3558,144,s4555,273
3559,329,s1330,246
3560,42,s1820,238
3561,393,s4114,99
3562,382,s3853,207
3563,33,s6853,158
3564,296,s5965,283
3565,18,s7721,146
3566,362,s5760,73
3567,410,s5498,288
3568,350,s7386,233
3569,242,s1415,239
3570,324,s3181,187
3571,166,s2827,269
3572,347,s6807,174
3573,41,s7683,198
3574,260,s1960,145
3575,277,s6062,113
3576,125,s1600,263
3577,368,s1341,99
3578,311,s4626,295
3579,73,s8246,196
3580,119,s4752,199
3581,476,s7784,28
3582,213,s5030,19
3583,338,s8322,111
3584,405,s3704,49
3585,239,s513,106
3586,342,s5346,119
3587,200,s2061,57
3588,127,s8348,269
3589,391,s2333,68
3590,452,s981,138
3591,24,s3911,239
3592,324,s4123,37
3593,191,s1661,24
3594,111,s6914,149
3595,450,s5891,80
3596,38,s3002,119
3597,369,s1059,44
3598,392,s1208,198
3599,389,s3820,124
3600,368,s5837,214
3601,421,s4629,158
3602,8,s8436,269
3603,1,s7717,198
3604,299,s6837,280
3605,492,s4391,195
3606,217,s3577,275
3607,367,s3150,132
3608,92,s7975,122
3609,266,s4929,54
3610,167,s8255,249
3611,283,s3661,277
3612,138,s3057,259
3613,76,s1698,268
3614,65,s8755,180
3615,27,s2847,217
3616,286,s6607,191
3617,83,s8534,70
3618,379,s1545,18
3619,48,s8573,28
3620,324,s2034,61
3621,318,s7390,96
3622,339,s4223,56
3623,500,s643,115
3624,181,s1826,225
3625,468,s85,147
3626,478,s4948,272
3627,421,s6230,100
3628,324,s3493,130
3629,379,s3600,174
3630,241,s8597,153
3631,93,s8263,103
3632,267,s5661,136
3633,250,s1390,103
3634,298,s6402,113
3635,407,s1636,269
3636,198,s7586,173
3637,361,s6236,178
3638,31,s3464,294
3639,372,s1881,60
3640,102,s7435,123
3641,92,s5850,204
3642,411,s4322,266
3643,413,s5511,261
3644,179,s4309,300
3645,33,s5572,288
3646,213,s8666,158
3647,432,s5095,236
3648,36,s4612,181
3649,101,s2498,94
3650,296,s106,271
3651,356,s4681,89
3652,184,s5718,55
3653,20,s3992,201
3654,79,s1542,292
3655,7,s5879,182
3656,51,s3917,248
3657,391,s3360,101
3658,368,s6121,192
3659,419,s426,56
3660,330,s1951,296
3661,387,s6035,246
3662,50,s8098,265
3663,132,s6179,99
3664,276,s6837,229
3665,25,s5794,238
3666,451,s3360,279
3667,236,s1807,218
3668,309,s6355,286
3669,383,s232,226
3670,170,s80,95
3671,31,s6511,289
3672,271,s7822,252
3673,295,s4053,161
3674,444,s7695,290
3675,135,s812,48
3676,371,s6451,160
3677,3,s397,118
3678,471,s6642,287
3679,280,s1433,148
3680,202,s305,87
3681,31,s6702,280
3682,393,s951,69
3683,168,s3896,76
3684,155,s5280,110
3685,194,s8150,128
3686,460,s2685,220
3687,307,s3527,30
3688,293,s5378,126
3689,262,s6737,242
3690,100,s4069,62
3691,376,s1402,169
3692,210,s3820,235
3693,289,s148,125
3694,500,s1933,225
3695,462,s4663,131
3696,150,s3580,156
3697,360,s1694,29
3698,477,s3856,201
3699,17,s5953,142
3700,225,s5125,61
3701,91,s8563,26
3702,46,s4561,175
3703,173,s5306,215
3704,337,s7867,41
3705,258,s4718,92
3706,137,s6444,34
3707,204,s6286,233
3708,153,s4584,92
3709,7,s321,60
3710,237,s4971,109
3711,443,s5635,31
3712,212,s2921,95
3713,375,s5307,79
3714,221,s570,173
3715,344,s6845,271
3716,15,s6597,236
3717,249,s5065,290
3718,470,s3502,82
3719,376,s4400,253
3720,112,s8007,163
3721,5,s5479,145
3722,79,s1381,153
3723,150,s4759,173
3724,145,s3504,89
3725,2,s4245,187
3726,181,s337,183
3727,276,s1562,171
3728,15,s5868,240
3729,371,s2176,65
3730,65,s8372,297
3731,163,s1202,240
3732,464,s5483,253
3733,245,s5328,267
3734,409,s4204,101
3735,155,s2792,216
3736,26,s6391,171
3737,447,s5189,260
3738,162,s5980,130
3739,235,s3319,256
3740,451,s2097,140
3741,407,s5255,110
3742,156,s777,52
3743,191,s3893,186
3744,259,s8038,44
3745,49,s5059,194
3746,417,s5817,189
3747,132,s4323,178
3748,18,s7514,107
3749,361,s6234,188
3750,104,s4691,48
3751,413,s2003,30
3752,254,s1431,89
3753,346,s8069,250
3754,196,s697,52
3755,485,s8102,243
3756,248,s5501,225
3757,350,s4037,53
3758,267,s1168,104
3759,125,s5498,132
3760,126,s7575,82
3761,251,s6766,207
3762,360,s5966,278
3763,304,s3334,237
3764,60,s2047,61
3765,362,s7168,90
3766,184,s2811,142
3767,7,s6437,11
3768,157,s5361,172
3769,489,s3763,143
3770,290,s5699,126
3771,447,s5715,173
3772,355,s1370,81
3773,255,s6493,254
3774,422,s4269,172
3775,264,s2628,256
3776,434,s6629,224
3777,110,s515,56
3778,439,s6711,75
3779,188,s6312,182
3780,94,s5233,150
3781,30,s2045,137
3782,9,s7030,28
3783,438,s686,120
3784,198,s5996,118
3785,26,s7256,185
3786,275,s4466,213
3787,497,s2962,235
3788,488,s7744,235
3789,397,s6630,200
3790,25,s7792,137
3791,311,s6301,259
3792,283,s2953,269
3793,213,s3532,221
3794,461,s7893,168
3795,398,s2658,34
3796,172,s2124,293
3797,359,s4388,274
3798,492,s8415,245
3799,364,s5033,223
3800,451,s8377,103
3801,367,s4957,128
3802,405,s7477,162
3803,202,s3352,53
3804,283,s8057,215
3805,308,s8645,60
3806,67,s2042,44
3807,490,s7780,279
3808,451,s3449,171
3809,269,s3636,73
3810,483,s4167,259
3811,58,s1580,151
3812,383,s7414,125
3813,206,s577,101
3814,34,s5508,165
3815,118,s2752,170
3816,407,s7117,88
3817,152,s2696,203
3818,231,s8474,39
3819,377,s7287,235
3820,468,s6025,132
3821,47,s1307,44
3822,4,s7264,280
3823,50,s8013,36
3824,463,s3570,155
3825,53,s2022,69
3826,259,s5391,197
3827,439,s5014,204
3828,362,s7816,300
3829,352,s463,88
3830,493,s4225,240
3831,358,s3697,119
3832,244,s288,153
3833,117,s4785,264
3834,324,s6061,130
3835,459,s2625,37
3836,304,s779,262
3837,368,s5774,24
3838,46,s3469,266
3839,359,s889,92
3840,499,s2017,64
3841,448,s4104,208
3842,188,s5303,292
3843,56,s2264,265
3844,408,s2690,295
3845,70,s5749,211
3846,141,s3937,80
3847,493,s1563,184
3848,351,s8798,243
3849,237,s8078,94
3850,344,s3938,182
3851,141,s326,202
3852,125,s121,68
3853,156,s6358,113
3854,237,s8498,245
3855,316,s4656,52
3856,46,s1088,35
3857,32,s4992,167
3858,143,s1563,177
3859,494,s3149,183
3860,415,s2389,87
3861,45,s5478,168
3862,189,s8172,205
3863,350,s8598,50
3864,340,s1990,165
3865,440,s6174,292
3866,156,s1028,127
3867,211,s6744,101
3868,182,s5701,136
3869,172,s971,207
3870,190,s8765,155
3871,240,s368,297
3872,399,s1499,148
3873,92,s4688,11
3874,307,s4781,177
3875,305,s3157,280
3876,319,s1930,180
3877,62,s3892,78
3878,311,s763,270
3879,140,s3331,239
3880,400,s491,54
3881,246,s6961,149
3882,109,s605,259
3883,427,s6234,42
3884,147,s379,279
3885,192,s765,33
3886,313,s8720,28
3887,477,s6945,96
3888,496,s5969,119
3889,285,s1107,66
3890,147,s6183,166
3891,77,s4720,203
3892,141,s164,114
3893,318,s8449,58
3894,219,s502,255
3895,22,s7205,252
3896,358,s4857,113
3897,246,s6077,109
3898,253,s6370,217
3899,204,s8224,169
3900,390,s8043,115
3901,254,s3317,142
3902,475,s7735,77
3903,223,s7667,142
3904,90,s2518,235
3905,138,s1016,138
3906,289,s1886,91
3907,256,s1610,172
3908,167,s3711,30
3909,34,s4124,109
3910,426,s5834,20
3911,37,s7812,33
3912,230,s4425,178
3913,50,s5981,54
3914,354,s6911,159
3915,491,s8773,176
3916,355,s4373,180
3917,46,s6806,254
3918,273,s5025,170
3919,485,s8596,86
3920,272,s5710,215
3921,134,s1282,128
3922,25,s774,67
3923,433,s4683,73
3924,102,s5121,11
3925,228,s3816,245
3926,494,s4826,211
3927,80,s103,123
3928,396,s1542,148
3929,60,s6224,283
3930,180,s6955,87
3931,353,s5231,234
3932,105,s7468,258
3933,409,s1697,84
3934,165,s6921,287
3935,92,s6302,198
3936,151,s8060,69
3937,42,s8679,195
3938,314,s1855,66
3939,476,s5421,142
3940,292,s1918,173
3941,462,s6292,162
3942,271,s1154,115
3943,292,s5693,217
3944,110,s1674,19
3945,185,s8063,131
3946,188,s8620,215
3947,92,s7956,263
3948,153,s241,31
3949,49,s4747,106
3950,463,s4207,249
3951,406,s2942,225
3952,55,s8747,34
3953,332,s7064,105
3954,222,s1472,285
3955,359,s3931,57
3956,213,s6530,295
3957,24,s2516,226
3958,138,s2933,231
3959,239,s1170,34
3960,57,s3088,21
3961,158,s3720,103
3962,161,s4150,55
3963,66,s1495,290
3964,99,s784,49
3965,388,s7378,190
3966,48,s5558,109
3967,141,s6438,236
3968,276,s2015,165
3969,371,s6096,255
3970,222,s1053,278
3971,262,s3633,66
3972,483,s5904,249
3973,258,s1238,216
3974,113,s6542,187
3975,89,s2985,23
3976,321,s3106,124
3977,56,s2932,278
3978,447,s2039,236
3979,283,s2507,229
3980,305,s4136,139
3981,431,s623,286
3982,295,s2274,96
3983,244,s5520,207
3984,251,s3433,241
3985,317,s6868,295
3986,416,s8216,18
3987,432,s339,120
3988,41,s6197,133
3989,159,s2774,208
3990,243,s7466,158
3991,380,s3872,19
3992,92,s4951,142
3993,495,s4496,87
3994,452,s1589,179
3995,65,s7913,268
3996,306,s7454,132
3997,325,s1053,169
3998,437,s8471,72
3999,102,s3719,22
4000,453,s184,151
4001,157,s3967,155
4002,103,s5071,260
4003,226,s3952,214
4004,343,s7681,156
4005,6,s772,137
4006,436,s4296,259
4007,7,s3400,238
4008,19,s4580,47
4009,290,s7457,49
4010,64,s2271,272
4011,140,s273,160
4012,387,s7899,239
4013,20,s4618,236
4014,265,s3487,216
4015,65,s2017,200
4016,262,s3026,148
4017,411,s1306,161
4018,124,s6539,79
4019,298,s2315,139
4020,337,s3495,265
4021,282,s21,81
4022,450,s2152,250
4023,138,s8763,166
4024,264,s6864,170
4025,15,s2316,149
4026,272,s6726,31
4027,75,s4752,112
4028,414,s2880,221
4029,489,s2060,158
4030,130,s8201,58
4031,303,s3174,78
4032,403,s360,78
4033,49,s4045,91
4034,498,s6291,215
4035,39,s5265,146
4036,483,s8740,168
4037,222,s5093,139
4038,292,s3719,23
4039,496,s4327,284
4040,290,s3376,220
4041,125,s4416,280
4042,433,s6552,267
4043,391,s6691,48
4044,286,s6192,104
4045,436,s2275,226
4046,49,s4652,271
4047,157,s325,235
4048,444,s1134,172
4049,24,s4586,247
4050,389,s6068,141
4051,14,s4629,179
4052,283,s6697,258
4053,201,s6124,21
4054,171,s892,124
4055,370,s2213,149
4056,303,s3995,129
4057,47,s2604,32
4058,434,s8212,32
4059,149,s3884,50
4060,387,s6176,177
4061,356,s3937,275
4062,481,s5854,116
4063,68,s3458,74
4064,250,s1179,218
4065,5,s5895,207
4066,82,s5941,252
4067,109,s3089,258
4068,20,s8543,156
4069,425,s6792,195
4070,500,s6032,69
4071,242,s6043,242
4072,398,s1311,63
4073,186,s7247,24
4074,419,s6967,239
4075,16,s1000,34
4076,46,s5725,243
4077,409,s1964,90
4078,68,s6229,290
4079,94,s5424,101
4080,413,s1535,164
4081,309,s5100,55
4082,463,s7189,10
4083,229,s2831,41
4084,49,s6569,103
4085,146,s1959,187
4086,231,s2197,269
4087,224,s1433,71
4088,9,s2364,22
4089,238,s1498,55
4090,362,s1152,40
4091,381,s5994,150
4092,371,s6988,257
4093,132,s6183,67
4094,106,s7074,210
4095,126,s8789,30
4096,20,s8536,130
4097,491,s251,80
4098,244,s1093,145
4099,408,s7111,285
4100,91,s99,38
4101,129,s7188,180
4102,75,s5677,88
4103,413,s5657,15
4104,471,s1464,19
4105,441,s1816,269
4106,130,s8410,64
4107,345,s7837,59
4108,135,s7958,248
4109,46,s6908,123
4110,465,s4482,224
4111,239,s4505,93
4112,8,s8693,90
4113,196,s7124,200
4114,77,s8054,87
4115,419,s5965,165
4116,217,s5739,225
4117,401,s1625,234
4118,394,s1237,76
4119,454,s4670,273
4120,400,s566,132
4121,53,s2524,67
4122,35,s8314,99
4123,380,s2570,93
4124,369,s4652,226
4125,264,s3167,134
4126,1,s999,47
4127,227,s3755,280
4128,25,s3355,292
4129,264,s3867,284
4130,497,s3138,83
4131,342,s4131,221
4132,171,s4029,21
4133,129,s8376,11
4134,84,s6484,257
4135,463,s908,198
4136,67,s574,169
4137,378,s4110,132
4138,492,s3226,193
4139,447,s3722,254
4140,309,s7386,62
4141,287,s4005,159
4142,278,s7001,273
4143,333,s7630,35
4144,357,s6442,99
4145,183,s7094,195
4146,61,s840,226
4147,499,s1196,104
4148,217,s7174,13
4149,330,s1782,295
4150,281,s5983,292
4151,265,s5129,111
4152,130,s2613,158
4153,310,s3593,238
4154,456,s1595,258
4155,43,s6336,86
4156,425,s1744,227
4157,484,s1329,108
4158,242,s2927,87
4159,265,s302,139
4160,196,s3141,138
4161,1,s4077,65
4162,68,s7408,161
4163,457,s3145,285
4164,325,s7922,151
4165,188,s6229,29
4166,176,s8802,179
4167,438,s7814,213
4168,229,s6965,14
4169,54,s7168,151
4170,372,s4906,69
4171,291,s965,77
4172,235,s4397,252
4173,217,s7554,167
4174,123,s2340,131
4175,186,s8006,280
4176,49,s2072,45
4177,35,s8503,299
4178,356,s7353,262
4179,65,s6684,87
4180,130,s8242,240
4181,96,s1092,299
4182,377,s5069,85
4183,215,s909,173
4184,261,s504,276
4185,272,s229,37
4186,493,s7238,293
4187,124,s7963,126
4188,304,s6348,38
4189,142,s2230,115
4190,339,s3466,120
4191,62,s8676,148
4192,131,s4271,180
4193,367,s3921,246
4194,116,s3219,220
4195,91,s8625,178
4196,412,s5606,167
4197,16,s4075,59
4198,7,s4474,232
4199,146,s8674,127
4200,500,s8132,248
4201,297,s5152,118
4202,334,s3910,264
4203,344,s3622,62
4204,8,s1948,139
4205,376,s275,53
4206,246,s5957,106
4207,355,s3204,18
4208,398,s8425,177
4209,122,s1446,26
4210,349,s3937,98
4211,288,s1906,71
4212,321,s5976,156
4213,57,s1483,130
4214,187,s7988,276
4215,118,s5110,272
4216,7,s7831,126
4217,140,s3851,274
4218,312,s2304,277
4219,418,s1154,238
4220,140,s5595,261
4221,487,s3668,289
4222,64,s1809,153
4223,320,s7731,27
4224,345,s271,248
4225,359,s4582,148
4226,491,s109,262
4227,244,s8620,20
4228,420,s755,71
4229,184,s6441,107
4230,460,s7493,257
4231,138,s1166,204
4232,404,s471,215
4233,52,s562,183
4234,295,s2655,106
4235,275,s1752,73
4236,125,s7135,150
4237,209,s5033,26
4238,45,s4566,229
4239,155,s4341,15
4240,280,s653,256
4241,130,s6500,209
4242,117,s4914,291
4243,175,s4276,261
4244,420,s5522,61
4245,392,s1498,228
4246,413,s580,95
4247,479,s6050,147
4248,169,s4128,141
4249,329,s1762,193
4250,113,s7540,76
4251,317,s8754,139
4252,489,s2439,226
4253,192,s8185,72
4254,283,s2279,268
4255,123,s8308,13
4256,325,s7927,83
4257,24,s3979,93
4258,37,s5389,238
4259,108,s4712,288
4260,76,s6383,107
4261,211,s6464,280
4262,230,s1358,37
4263,228,s3486,80
4264,29,s3293,75
4265,20,s7682,36
4266,127,s3546,260
4267,128,s1615,80
4268,65,s5170,41
4269,138,s3385,172
4270,5,s4347,245
4271,148,s3162,18
4272,12,s2219,42
4273,170,s3183,79
4274,463,s5843,275
4275,4,s4074,229
4276,489,s1786,29
4277,154,s6727,247
4278,219,s6887,236
4279,437,s2275,277
4280,386,s7464,217
4281,174,s6141,142
4282,348,s7823,15
4283,358,s2963,227
4284,329,s6380,299
4285,284,s326,206
4286,432,s3713,209
4287,377,s1541,177
4288,46,s3620,71
4289,499,s6961,225
4290,274,s6930,24
4291,117,s4763,134
4292,69,s8589,82
4293,284,s5193,158
4294,87,s7308,63
4295,331,s2355,108
4296,13,s3587,30
4297,76,s1813,205
4298,170,s1833,22
4299,477,s1952,206
4300,241,s2958,110
4301,309,s6886,207
4302,26,s3498,287
4303,97,s2859,212
4304,192,s6232,226
4305,67,s4669,38
4306,61,s3954,38
4307,204,s6041,251
4308,120,s8201,131
4309,75,s8678,300
4310,465,s3149,133
4311,420,s8520,38
4312,66,s2843,216
4313,472,s715,188
4314,435,s5306,65
4315,383,s7646,124
4316,390,s5921,64
4317,482,s1598,226
4318,201,s6376,294
4319,484,s8477,257
4320,417,s1984,18
4321,261,s4912,117
4322,173,s6083,267
4323,49,s6599,59
4324,167,s3541,142
4325,397,s4758,202
4326,36,s2725,15
4327,8,s5175,153
4328,427,s7564,164
4329,192,s1143,198
4330,55,s7871,115
4331,169,s4479,259
4332,305,s8107,209
4333,350,s5846,211
4334,266,s1971,149
4335,128,s1303,178
4336,132,s5757,235
4337,272,s8126,219
4338,402,s4743,259
4339,321,s7156,21
4340,144,s777,106
4341,377,s4285,255
4342,417,s7961,23
4343,440,s1070,76
4344,418,s1114,110
4345,230,s2371,15
4346,256,s3008,89
4347,285,s3591,96
4348,345,s5459,277
4349,428,s6259,174
4350,355,s4526,198
4351,441,s6582,32
4352,333,s2713,154
4353,297,s5923,153
4354,214,s3990,266
4355,381,s8454,34
4356,169,s2096,13
4357,251,s4543,73
4358,415,s3433,235
4359,214,s8760,186
4360,443,s8429,69
4361,413,s4399,137
4362,390,s3231,148
4363,310,s7163,203
4364,414,s5393,247
4365,16,s8380,190
4366,473,s2498,186
4367,16,s6916,45
4368,8,s1411,281
4369,255,s4033,262
4370,129,s5,257
4371,485,s8208,283
4372,471,s5520,221
4373,274,s6457,38
4374,486,s8070,28
4375,442,s6907,287
4376,331,s7856,227
4377,329,s6317,44
4378,29,s4281,94
4379,179,s8285,280
4380,495,s1295,58
4381,103,s1612,114
4382,384,s2400,71
4383,456,s4622,72
4384,21,s5459,180
4385,14,s1550,155
4386,84,s7003,191
4387,74,s7180,283
4388,103,s3534,233
4389,382,s5687,229
4390,62,s4443,126
4391,12,s4484,120
4392,261,s2414,111
4393,343,s992,266
4394,264,s2222,118
4395,8,s2804,104
4396,400,s3933,187
4397,285,s6933,130
4398,219,s7577,226
4399,180,s686,44
4400,493,s1450,51
4401,261,s5921,119
4402,428,s6718,103
4403,354,s7473,213
4404,25,s8777,93
4405,478,s5276,96
4406,301,s2718,20
4407,213,s7879,194
4408,5,s5480,193
4409,303,s459,201
4410,155,s6725,55
4411,435,s7351,72
4412,127,s448,235
4413,53,s3738,134
4414,492,s7277,43
4415,57,s6763,291
4416,476,s1867,57
4417,106,s3012,271
4418,218,s5770,46
4419,103,s1181,27
4420,375,s5583,270
4421,80,s953,256
4422,398,s4633,227
4423,404,s6787,192
4424,410,s2787,211
4425,367,s3354,213
4426,174,s3038,273
4427,133,s6401,80
4428,9,s126,33
4429,49,s8062,293
4430,391,s3214,281
4431,194,s7687,139
4432,275,s4793,281
4433,85,s5933,95
4434,270,s2478,238
4435,275,s7251,263
4436,72,s1105,78
4437,212,s6072,251
4438,329,s3668,114
4439,283,s8340,185
4440,184,s6118,30
4441,10,s1152,48
4442,361,s4217,182
4443,91,s4974,196
4444,196,s2309,99
4445,167,s6819,129
4446,399,s6346,250
4447,161,s1824,151
4448,61,s2652,137
4449,352,s2776,236
4450,190,s2450,130
4451,392,s2406,291
4452,34,s6970,212
4453,420,s6079,245
4454,377,s3663,52
4455,37,s256,264
4456,23,s3270,208
4457,379,s4546,53
4458,48,s1906,128
4459,354,s4615,279
4460,493,s2785,133
4461,140,s7654,60
4462,278,s6675,32
4463,366,s8780,278
4464,268,s967,274
4465,302,s184,192
4466,134,s8488,109
4467,71,s169,218
4468,340,s5171,183
4469,273,s6957,197
4470,402,s5471,108
4471,278,s1229,239
4472,261,s3079,170
4473,368,s2937,282
4474,358,s620,175
4475,277,s4165,88
4476,232,s6761,241
4477,421,s2129,296
4478,481,s1846,200
4479,151,s5490,174
4480,356,s5794,40
4481,199,s1142,160
4482,389,s1137,34
4483,294,s2638,176
4484,419,s7508,24
4485,222,s5918,125
4486,383,s2511,289
4487,410,s4415,261
4488,196,s8695,46
4489,453,s4010,85
4490,227,s513,291
4491,457,s5994,214
4492,380,s3445,281
4493,208,s6525,213
4494,277,s8550,282
4495,62,s4587,99
4496,248,s2082,168
4497,272,s3103,121
4498,96,s7881,78
4499,24,s8009,230
4500,448,s4181,45
4501,211,s1292,132
4502,249,s6801,149
4503,19,s8713,24
4504,66,s2092,262
4505,119,s1230,44
4506,293,s8238,213
4507,233,s8686,21
4508,236,s8267,162
4509,52,s7231,249
4510,30,s4916,160
4511,121,s2851,125
4512,179,s4690,204
4513,381,s1282,157
4514,412,s368,289
4515,71,s3976,271
4516,370,s1010,212
4517,498,s3086,136
4518,350,s2119,219
4519,359,s5585,52
4520,321,s971,232
4521,384,s6290,166
4522,173,s4656,225
4523,373,s7153,99
4524,176,s2303,196
4525,50,s7749,102
4526,262,s2862,25
4527,84,s2810,86
4528,109,s8005,284
4529,409,s1286,157
4530,429,s2678,69
4531,50,s7679,95
4532,291,s5940,162
4533,373,s1328,27
4534,477,s8481,165
4535,15,s1101,248
4536,13,s2498,125
4537,43,s1920,250
4538,241,s277,229
4539,314,s3981,111
4540,4,s5344,161
4541,377,s6571,171
4542,387,s5863,68
4543,102,s7052,297
4544,221,s4457,186
4545,316,s1173,244
4546,416,s6441,188
4547,261,s4460,187
4548,210,s529,78
4549,253,s3673,72
4550,401,s5357,198
4551,103,s6771,277
4552,445,s2450,84
4553,38,s2098,206
4554,244,s3060,29
4555,105,s1891,57
4556,82,s205,266
4557,204,s2936,132
4558,486,s4720,251
4559,457,s1553,141
4560,286,s5786,101
4561,387,s613,151
4562,118,s4329,146
4563,467,s244,231
4564,217,s8187,91
4565,277,s4078,201
4566,121,s132,70
4567,57,s6374,270
4568,208,s7856,231
4569,187,s3259,231
4570,400,s6453,37
4571,467,s3448,10
4572,397,s4841,84
4573,319,s1641,35
4574,216,s6098,158
4575,249,s6050,290
4576,318,s1692,274
4577,56,s8647,53
4578,318,s5385,216
4579,485,s6072,67
4580,428,s701,90
4581,109,s2480,227
4582,98,s826,196
4583,180,s7704,197
4584,226,s3264,128
4585,444,s3920,173
4586,384,s4384,220
4587,497,s597,199
4588,222,s805,170
4589,204,s5186,133
4590,84,s3755,195
4591,32,s6501,132
4592,49,s7118,182
4593,364,s3463,126
4594,256,s3508,300
4595,1,s8459,103
4596,123,s1729,92
4597,98,s4272,117
4598,17,s651,168
4599,466,s4358,291
4600,27,s681,243
4601,447,s7859,147
4602,463,s4807,77
4603,383,s3417,70
4604,182,s160,289
4605,279,s7042,129
4606,14,s6785,146
4607,362,s7173,144
4608,185,s6402,63
4609,428,s5110,148
4610,36,s4006,17
4611,98,s3591,200
4612,474,s3394,125
4613,64,s6676,73
4614,51,s4888,98
4615,198,s3328,48
4616,158,s4527,88
4617,415,s6202,213
4618,119,s7962,174
4619,216,s7665,89
4620,361,s5222,175
4621,19,s2946,112
4622,44,s4741,242
4623,170,s6353,131
4624,364,s3234,138
4625,235,s7176,12
4626,420,s8518,177
4627,195,s8215,35
4628,45,s7354,220
4629,346,s2769,186
4630,222,s3285,177
4631,55,s561,268
4632,213,s6647,152
4633,145,s6829,159
4634,342,s3425,266
4635,213,s4812,261
4636,479,s3257,184
4637,111,s2337,126
4638,371,s7216,267
4639,232,s7222,230
4640,148,s5539,270
4641,139,s711,292
4642,77,s3351,249
4643,213,s6739,236
4644,230,s7524,271
4645,333,s5269,199
4646,40,s1924,121
4647,239,s1870,65
4648,217,s1956,83
4649,175,s7012,270
4650,412,s5048,158
4651,350,s3043,28
4652,378,s3265,175
4653,74,s1157,30
4654,427,s3716,89
4655,154,s6846,204
4656,281,s5935,183
4657,393,s1982,71
4658,215,s3299,258
4659,213,s8283,276
4660,386,s6855,232
4661,213,s4910,231
4662,227,s7271,239
4663,237,s2691,274
4664,345,s4002,138
4665,81,s7005,251
4666,350,s2592,277
4667,127,s981,28
4668,330,s4537,201
4669,464,s7962,179
4670,37,s8331,119
4671,4,s8708,63
4672,320,s5863,174
4673,461,s6518,124
4674,196,s7441,225
4675,62,s3818,52
4676,450,s3950,61
4677,93,s6582,186
4678,121,s3232,82
4679,43,s1962,135
4680,166,s2439,126
4681,424,s1662,197
4682,481,s6711,121
4683,353,s2601,66
4684,350,s6776,89
4685,79,s1466,133
4686,78,s7683,79
4687,423,s5241,217
4688,37,s3554,166
4689,75,s7870,258
4690,499,s7789,10
4691,316,s7009,214
4692,211,s5925,290
4693,496,s7394,151
4694,430,s6353,147
4695,434,s6483,91
4696,429,s4615,34
4697,128,s1253,229
4698,302,s3277,91
4699,228,s6328,265
4700,25,s8462,211
4701,294,s6240,20
4702,124,s4181,297
4703,431,s5964,106
4704,130,s5831,190
4705,12,s2594,232
4706,103,s5907,51
4707,391,s3071,124
4708,275,s4752,38
4709,465,s6868,62
4710,33,s7566,105
4711,97,s6141,21
4712,465,s2352,97
4713,376,s8396,145
4714,2,s869,71
4715,222,s7674,30
4716,348,s4883,243
4717,381,s2818,33
4718,255,s4775,173
4719,334,s4281,282
4720,227,s4626,122
4721,330,s2269,154
4722,170,s5097,270
4723,141,s8746,232
4724,237,s6279,123
4725,226,s5820,225
4726,208,s6048,15
4727,14,s543,118
4728,264,s6136,243
4729,262,s5139,188
4730,361,s7958,26
4731,137,s3409,300
4732,209,s5372,84
4733,480,s2510,196
4734,409,s2604,206
4735,86,s6660,122
4736,207,s4993,108
4737,90,s8616,50
4738,73,s5939,119
4739,129,s1429,49
4740,19,s8433,236
4741,281,s1600,277
4742,48,s2439,46
4743,378,s2098,30
4744,35,s6975,59
4745,324,s8701,238
4746,487,s2436,167
4747,434,s5382,124
4748,211,s1997,234
4749,428,s2342,23
4750,277,s6936,286
4751,117,s8713,141
4752,63,s6478,15
4753,337,s7160,181
4754,391,s2288,270
4755,16,s2619,125
4756,310,s3919,263
4757,244,s6510,202
4758,34,s2971,103
4759,120,s6685,89
4760,314,s5025,71
4761,297,s3671,208
4762,41,s3188,28
4763,9,s4950,55
4764,94,s6029,285
4765,322,s603,201
4766,185,s4667,25
4767,242,s589,82
4768,234,s6736,81
4769,209,s3770,290
4770,489,s7897,181
4771,239,s1658,179
4772,410,s903,95
4773,253,s3461,34
4774,131,s641,198
4775,276,s8633,229
4776,148,s2304,190
4777,17,s4754,66
4778,151,s492,146
4779,66,s7363,213
4780,272,s4893,160
4781,445,s1246,34
4782,74,s6263,171
4783,70,s352,133
4784,254,s5990,60
4785,74,s7455,121
4786,116,s6063,154
4787,55,s5033,144
4788,203,s3,265
4789,375,s7307,298
4790,347,s6869,177
4791,133,s3716,244
4792,59,s6694,233
4793,294,s3759,57
4794,30,s791,57
4795,251,s1460,51
4796,198,s1060,253
4797,139,s5897,134
4798,201,s3979,163
4799,479,s1038,90
4800,24,s6703,228
4801,286,s5168,262
4802,259,s3227,143
4803,433,s1365,85
4804,227,s4005,54
4805,171,s6481,65
4806,397,s3784,289
4807,102,s3915,84
4808,181,s6536,270
4809,285,s6661,181
4810,104,s2270,144
4811,421,s6305,27
4812,455,s7743,13
4813,393,s6807,199
4814,243,s3899,255
4815,434,s1294,293
4816,436,s1908,69
4817,221,s3217,266
4818,449,s3520,154
4819,152,s6748,123
4820,83,s8699,108
4821,338,s7851,294
4822,475,s4490,282
4823,360,s6128,164
4824,295,s3840,127
4825,310,s2852,108
4826,355,s1941,260
4827,491,s1206,160
4828,101,s3643,91
4829,283,s708,226
4830,280,s199,11
4831,372,s2195,131
4832,266,s4564,219
4833,422,s7291,213
4834,275,s6168,34
4835,327,s6235,258
4836,140,s7247,85
4837,473,s6353,65
4838,441,s6543,274
4839,388,s840,206
4840,118,s8630,106
4841,285,s6269,179
4842,73,s904,73
4843,70,s4442,202
4844,466,s4995,262
4845,221,s2512,50
4846,120,s7973,287
4847,102,s2943,45
4848,448,s4188,177
4849,217,s7704,171
4850,405,s4487,292
4851,80,s7184,67
4852,466,s2781,41
4853,12,s990,157
4854,389,s5371,28
4855,219,s817,276
4856,85,s6089,281
4857,400,s3138,214
4858,140,s8657,52
4859,380,s7452,79
4860,101,s6038,119
4861,286,s1483,277
4862,249,s5740,135
4863,381,s2514,269
4864,345,s7178,102
4865,47,s8253,158
4866,59,s1150,108
4867,123,s4335,66
4868,457,s7355,93
4869,326,s194,286
4870,46,s2121,160
4871,31,s5700,93
4872,128,s7462,99
4873,393,s6418,165
4874,328,s1649,141
4875,74,s3487,221
4876,62,s7907,77
4877,206,s7516,49
4878,300,s8351,52
4879,453,s3401,87
4880,359,s312,143
4881,72,s7090,205
4882,427,s7016,81
4883,193,s1654,283
4884,396,s5489,174
4885,300,s1025,163
4886,127,s800,243
4887,396,s7416,193
4888,416,s2800,53
4889,271,s7503,92
4890,125,s8646,146
4891,273,s3609,89
4892,176,s3913,252
4893,397,s6877,83
4894,430,s2200,259
4895,207,s85,265
4896,297,s5309,138
4897,431,s27,284
4898,422,s2848,196
4899,208,s2987,98
4900,107,s2371,78
4901,350,s6100,174
4902,114,s5505,14
4903,107,s1311,221
4904,29,s5155,105
4905,422,s1673,298
4906,35,s5436,63
4907,301,s1736,215
4908,453,s7403,186
4909,486,s6386,130
4910,219,s7246,154
4911,30,s5111,279
4912,23,s8125,10
4913,246,s1633,42
4914,494,s5936,260
4915,292,s6467,111
4916,34,s2528,199
4917,368,s425,279
4918,248,s5033,207
4919,278,s6458,164
4920,493,s7752,169
4921,260,s6969,73
4922,298,s4291,123
4923,200,s8122,58
4924,161,s3866,157
4925,339,s3132,133
4926,33,s3536,101
4927,155,s2253,46
4928,89,s5706,298
4929,54,s5346,242
4930,368,s5864,226
4931,412,s298,264
4932,298,s2025,59
4933,80,s8786,129
4934,194,s892,80
4935,331,s8749,153
4936,289,s348,38
4937,310,s4662,299
4938,305,s8801,295
4939,45,s4604,190
4940,169,s1596,126
4941,179,s4003,129
4942,326,s6203,143
4943,279,s4150,169
4944,78,s4714,233
4945,230,s7390,155
4946,247,s4692,300
4947,24,s4937,229
4948,60,s3713,258
4949,418,s3221,194
4950,97,s3001,20
4951,101,s3431,83
4952,34,s4391,263
4953,420,s8293,285
4954,138,s5735,130
4955,94,s4578,39
4956,377,s8012,16
4957,426,s39,300
4958,35,s7216,270
4959,348,s1524,194
4960,67,s2026,284
4961,10,s1300,46
4962,269,s8206,71
4963,437,s3994,178
4964,154,s825,189
4965,324,s2691,106
4966,398,s1964,132
4967,179,s5926,267
4968,219,s7124,112
4969,22,s3847,143
4970,26,s3868,251
4971,18,s2146,43
4972,398,s7802,192
4973,21,s3475,40
4974,321,s1195,213
4975,375,s3135,261
4976,20,s3451,55
4977,156,s2424,150
4978,373,s7225,60
4979,130,s7908,249
4980,406,s53,16
4981,151,s6422,229
4982,462,s1724,147
4983,228,s7541,135
4984,439,s6292,23
4985,43,s1607,24
4986,197,s8654,71
4987,416,s1384,231
4988,187,s7828,271
4989,171,s4770,136
4990,160,s1135,281
4991,27,s3636,282
4992,473,s7530,201
4993,367,s919,75
4994,68,s973,176
4995,40,s3273,193
4996,123,s6458,247
4997,361,s1924,252
4998,390,s1437,72
4999,246,s8615,295
5000,204,s7550,170
